18th Century Green,404
A Touch of Tan,495
Abalone,95
Abstract White,517
Acorn Squash,297
Across the Bay,269
Adirondack,532
Admiral Blue,427
Adobe,628
Adobe Avenue,288
Adobe South,642
Aegean Sea,319
After Dinner Mint,263
After the Storm,318
Afterglow,115
Afternoon Sky,274
Agate Green,582
Aged Eucalyptus,408
Aged Jade,574
Aged Whisky,983
Air of Mint,267
Ajo Lily,46
Alabaster,51
Alameda Ochre,779
Alaskan Skies,274
Allspice,341
Alluring Light,249
Alluring Umber,648
Almond,664
Almond Cookie,400
Almond Latte,504
Almondine,342
Aloe Mist,264
Aloe Plant,411
Aloha Sunset,388
Alpaca Wool,500
Alpine Moon,379
Amazing Amethyst,541
Amber Dawn,295
Amber Tide,151
Ambrosia Ivory,337
Americana,180
Amethyst Show,187
Amour,149
Anchor Gray,586
Anchors Away,372
Ancient Earth,570
Ancient Scroll,497
Angel Feather,90
Angelic Starlet,942
Antiquarian Gold,782
Antique Brass,296
Antique China,356
Antique Coin,578
Antique Coral,242
Antique Garnet,543
Antique Heather,380
Antique Honey,563
Antique Lace,507
Antique Linen,505
Antique Mauve,540
Antique Paper,515
Antique Penny,456
Antique Rose,607
Antique White,58
Apache Tan,629
Apple Cider,394
Apple Martini,123
Apple Valley,286
Applemint,358
Apricot Appeal,294
Apricot Glow,297
Apricot Ice,109
Aqua Bloom,268
Aquamarine,852
Aquatic,223
Arabian Red,444
Arboretum,313
Arctic Paradise,136
Arizona Clay,751
Arizona Tree Frog,818
Armor,583
Armored Steel,579
Arrow Rock,401
Art and Craft,979
Artificial Turf,170
Artistic Stone,583
Arts & Crafts Gold,774
Ash Gray,654
Ash Hollow,546
Ashen Plum,596
Ashwood,525
Asparagus Fern,166
Aspen Hush,420
Aspen Yellow,658
Astral,137
Atlantis,319
Attar of Rose,719
August Morning,296
Autumn Bark,453
Autumn Bloom,108
Autumn Umber,389
Avalon,849
Aztec Aura,251
Azure Sky,135
Baby Chick,157
Baby Frog,305
Baby Girl,104
Baby Seal,391
Baby's Blanket,148
Baby's Bottom,106
Baby's Breath,13
Bachelor Blue,322
Badlands Sunset,551
Baja White,608
Baked Potato,682
Bakelite Yellow,954
Ball of String,511
Ballerina,234
Ballet Slipper,103
Bamboo Mat,352
Bamboo Screen,567
Banana Cream,161
Banana Peel,158
Bank Vault,420
Banner Gold,585
Bannister Brown,549
Barely Peach,246
Barn Red,721
Barnwood Gray,917
Barrel Stove,570
Barrier Reef,420
Bashful,101
Battle Harbor,576
Battleship Gray,686
Bavarian Cream,254
Bay Fog,430
Bay Leaf,460
Bay of Hope,581
Bay Salt,427
Baystore,133
BBQ,385
Be My Valentine,282
Beach House,302
Beachcombing,791
Beaded Blue,184
Beaming Sun,111
Bean Sprout,83
Bear in Mind,545
Beaumont Brown,565
Beautiful Blue,225
Beekeeper,796
Beeswax,293
Before the Storm,422
Belize Green,611
Bell Blue,851
Bellflower,184
Below Zero,135
Berries 'n' Cream,331
Berry Frost,330
Berry Mojito,862
Berry Riche,384
Bidwell Blue,848
Bidwell Brown,995
Big Stone Beach,558
Big Sur Blue Jade,874
Bijoux Green,577
Billiard Table,467
Billowing Clouds,485
Birch White,32
Birchwood,659
Biscotti,401
Biscuit,345
Bison Beige,649
Bisque Tan,506
Bittersweet,759
Black,476
Black Bay,477
Black Bean,594
Black Forest,464
Black Lead,585
Black Pearl,475
Black Pool,584
Black River Falls,478
Black Russian,595
Black Spruce,583
Black Tie,590
Black Walnut,548
Blackjack,592
Blanched Almond,339
Blank Canvas,343
Blazing Autumn,294
Blended Light,111
Blue Calico,882
Blue Chip,183
Blue Cue,182
Blue Earth,321
Blue Intrigue,429
Blue Monday,865
Blue Moon,270
Blue Print,872
Blue Review,323
Blue Spruce,369
Blue Steel,588
Blue Suede Shoes,479
Blue Tapestry,842
Blue Velvet,856
Blueberry Muffin,321
Blushing Bride,497
Blustery Wind,527
Boat Anchor,593
Bodega Bay,183
Bohemian Jazz,542
Bone,625
Bone China,97
Bone White,604
Bonfire Flame,198
Bonnie Blue,272
Bonsai,410
Bossa Nova Blue,324
Botanical Garden,815
Bourbon Truffle,996
Boutique Beige,509
Boxwood,690
Boysenberry Shadow,60
Brandywine,145
Brassy,211
Bread Crust,398
Bread Pudding,562
Break of Day,117
Breakfast Biscuit,499
Breath of Spring,257
Briar,657
Brick Fence,552
Bright Mango,154
Bright Star,116
Brilliant Beige,335
Bronzed Brass,562
Bronzed Orange,388
Brooding Storm,901
Brown Bear,559
Brown Eyes,391
Brown Rum,401
Brown Wood,398
Brushed Clay,293
Bubblegum,104
Buckskin,562
Buffalo Herd,547
Bumblebee,158
Bungalow Gold,761
Bungalow Taupe,564
Bunny Tail,102
Burlap,564
Burmese Gold,395
Burmese Tan,397
Burning Tomato,200
Burnished Cream,346
Burns Cave,553
Burnt Almond,392
Burnt Butter,780
Burnt Crimson,507
Burst of Gold,397
Butter Lettuce,262
Buttercream Frosting,959
Buttermilk,113
Butterscotch Syrup,395
By the Bayou,177
Cabaret,187
Cabbage Patch,168
Calico Rock,701
California Dreamin',776
California Peach,776
California Sagebrush,810
Calla Lily,355
Calm Waters,69
Camellia,105
Cameo,609
Cameo Role,968
Camouflage,461
Campfire,289
Canadian Lake,588
Canary Island,507
Candelabra,302
Candied Apple,383
Candle Flame,164
Candle Glow,110
Candle in the Wind,350
Candlelight,118
Candlestick Point,247
Canyon Dusk,497
Canyonville,498
Cape Cod Blue,661
Caramel Apple,389
Caramel Bar,393
Caramelized,984
Carbon Dating,889
Caribbean Cruise,317
Caribou Herd,399
Carmel Mission,991
Carnation,283
Carnival Night,176
Carrara,946
Carrot Cake,292
Carved Wood,557
Cascading White,75
Cashew Nut,339
Cashmere,689
Castaway,316
Casting Shadow,581
Castlerock,593
Catalina,64
Catalina Green,798
Cave of the Winds,545
Cavernous,591
Cedar Chest,555
Cedar Grove,386
Cedarville,387
Celery,167
Celestial Moon,947
Cellar Door,446
Celluloid,916
Celtic Linen,619
Center Ridge,572
Chalky,666
Champagne,613
Champagne Bubbles,966
Champion Blue,324
Chaparral,624
Chaps,546
Charcoal Briquette,898
Charcoal Dust,429
Charcoal Sketch,925
Charcoal Smudge,592
Charleston Cherry,708
Charmed Green,218
Charming Cherry,148
Chartreuse,212
Cheesecake,113
Cherry Berry,382
Cherry Blossoms,280
Cherry Blush,103
Cherry Bomb,194
Cherry Chip,288
Cherry Cola,445
Cherry Hill,484
Cherubic,235
Chester Brown,560
Chic Brick,554
Chickadee,162
Chill in the Air,276
China Clay,423
Chinook Salmon,753
Chipmunk,400
Chive,167
Chocolate Chunk,549
Chocolate Milk,492
Chocolate Pudding,595
Church Mouse,900
Cider Mill,406
Cinnabar,390
Cinnamon Stick,386
Citron,304
Citrus Honey,758
Citrus Leaf,167
Citrus Notes,502
Citrus Spice,381
City of Pink Angels,731
Clam Up,960
Clay Dust,348
Clay Pot,290
Clay Terrace,292
Clean Slate,322
Clear Day,72
Clear Skies,79
Clear Vision,274
Clearview,53
Clematis Blue,884
Cliff Brown,652
Cliff's View,598
Climbing Ivy,414
Clipped Grass,166
Cloistered Garden,820
Cloud,656
Clouded Vision,538
Cloudless,138
Cloudy Gray,489
Cloudy Plum,327
Clover Mist,171
Coal Miner,910
Coastal Breeze,74
Cobalt,229
Cobblestone Path,549
Cochise,605
Cocktail Olive,411
Cocoa,674
Cocoa Powder,928
Coconut Shell,568
Coffee Cream,346
Cognac,761
Cold Morning,536
Cold Water,529
Cold Wind,534
Colorado Peach,294
Colorado Trail,556
Concord Jam,326
Confident Yellow,206
Cookie Dough,349
Cool December,20
Cool Frost,378
Copper Cove,298
Copper Lake,554
Copper Mining,752
Coral Bisque,336
Coral Clay,692
Corn Harvest,159
Cornflower,182
Cornsilk Yellow,795
Cottage Green,364
Cottage White,91
Cotton Ball,40
Cotton Cloth,352
Cotton Club,728
Cotton Field,520
Cotton Puff,120
Cotton Tail,252
Country Air,878
Country Summer,253
Courtyard Green,680
Cover of Night,586
Covered in Platinum,536
Covered Wagon,567
Cowboy Trails,986
Coy,1
Coyote,393
Cracked Leather,981
Crashing Waves,320
Cream Puff,347
Creamy White,505
Creamy Natural,512
Creamy Peach,???
Creamy Calico,???
Creamy Corn,???
Creamy Mint,126
Creamy Strawberry,331
Crème de Menthe,125
Crème Fraîche,951
Crêpe Papier,941
Crestline,530
Crimson Strawberry,191
Crisp Lettuce,314
Crisp Muslin,514
Crocodile Smile,411
Crocodile Tears,258
Crossroads,347
Crown Point Cream,252
Crushed Berries,146
Crushed Cashew,342
Crushed Stone,549
Crystal Bell,65
Crystal Clear,485
Crystal Falls,275
Crystal Haze,515
Crystal River,133
Cuban Cigar,561
Cultured Rose,287
Cumulus,63
Cupid’s Arrow,147
Damask,96
Dandelion,164
Dangerous Robot,539
Dapple Gray,808
Dark & Stormy,869
Dark Cavern,409
Dark Chocolate,541
Dark Engine,589
Dark Lagoon,641
Dark Pewter,584
Dark Ruby,543
Dark Sepia,559
Dark Shadows,472
DaVanzo Beige,961
DaVanzo Green,822
Day Lily,86
Daydreaming,975
Daystar,250
December Forest,363
December Sky,534
Deco Gray,906
Deep Brown,550
Deep Carnation,281
Deep Coral,290
Deep Crimson,441
Deep Hibiscus,285
Deep in the Jungle,418
Deep Lagoon,316
Deep Magenta,281
Deep Mystery,428
Deep Ocean,224
Deep Pine,469
Deep Reservoir,426
Deep Sapphire,226
Deepest Sea,425
Delicate Seashell,341
Delightful Peach,245
Denali Green,573
Denim Tradition,427
Desert Dawn,109
Desert Floor,566
Desert Gray,600
Desert Lily,349
Desert Mauve,486
Desert Rock,493
Desert Sage,802
Desert Spice,291
Desert Star,71
Desert Suede,513
Deserted Path,398
Dew Not Disturb,367
Diamond,67
Dijon Mustard,403
Dill Grass,410
Dill Pickle,412
Discreet Orange,289
Distant Cloud,524
Distant Haze,524
Distant Horizon,89
Distant Landscape,362
Dive In,183
Dockside,272
Doeskin,338
Dogwood,16
Dolphin Tales,897
Doric White,938
Dover Plains,556
Dover Straits,182
Dove’s Wing,522
Down Feathers,247
Downing to Earth,931
Downpour,426
Dragon Bay,315
Draw Your Sword,589
Dreams of Peach,295
Dreamsicle,152
Dreamy Blue,372
Drenched Rain,375
Dried Chive,578
Drifting,650
Drifting Downstream,902
Driftwood,396
Droplets,10
Dry Creek,501
Dry Dune,500
Dull Sage,355
Durango Dust,252
Dusk,141
Dusky Moon,357
Dusty Cedar,385
Dusty Dream,584
Dusty Trail,491
Eagle’s View,540
Eames for Blue,861
Earhart Emerald,331
Early Blossom,331
Early Harvest,307
Early Snow,66
East Cape,130
Eastern Sky,271
Eastlake Olive,803
Easy Breezy Blue,850
Eat Your Peas,825
Eclectic Plum,546
Ecological,418
Ecru Wealth,932
Eden Prairie,404
Edge of Black,589
Egg Nog,253
Egyptian Sand,569
Electric Glow,208
Elemental Green,578
Elusive Violet,485
Emerald Pool,174
Emerald Ring,311
Emperor Jade,175
En Plein Air,920
Enchanted Eve,584
Enchanting Ivy,468
Enchanting Sky,323
Encore Teal,471
Endive,261
Energy Orange,155
English Forest,579
English Holly,417
English River,319
English Scone,499
Envious Pastel,124
Equestrian,958
Equinox,913
Espresso Macchiato,977
Essence of Violet,85
Essential Brown,568
Even Growth,408
Evening Shadow,84
Eventide,703
Evergreen Forest,831
Exclusive Ivory,511
Exotic Evening,325
Exotic Lilac,381
Exotic Violet,145
Exuberant Orange,201
Fade to Black,926
Faded Gray,15
Faded Jeans,176
Faded Light,495
Faint Clover,128
Fair Spring,577
Fairbank Green,575
Fairy Dust,234
Fairy Wings,330
Fairytale Dream,333
Fall Foliage,392
Fall Harvest,562
Fallen Rock,595
Falling Tears,370
Family Tree,800
Faraway Sky,185
Favorite Lavender,188
Fern Gully,313
Field Day,168
Field of Wheat,391
Fiery Coral,723
Fiery Flamingo,148
Fiery Fuchsia,190
Fiesta Blue,845
Filtered Rays,401
Fine Grain,514
Fine Linen,256
Fine Sand,344
Finest Silk,502
Firefly Glow,158
First Crush,332
First Impression,486
First Kiss,240
First Lilac,279
First Love,383
First Plum,381
First Snow,55
Fizzle,366
Flagstone Quartzite,814
Flame,294
Flamingo Feather,234
Flash of Orange,205
Flax Bloom,673
Flaxseed,678
Flickering Gold,563
Flickering Light,243
Flintstone,571
Floating Feather,504
Floating Lily Pad,408
Florigraphy,707
Flour Sack,929
Flower Bulb,260
Flower Stem,310
Flowering Reed,933
Fluorescent Lime,165
Fly a Kite,139
Focus on Light,256
Fog Town,29
Foggy Day,516
Foil,535
Foliage,414
Folklore,710
Forest Frolic,312
Forest Path,416
Forgotten Pink,239
Formal Gray,594
Fortune Cookie,299
Fossil,516
Fountain City,267
Four Leaf Clover,413
Foxtail,632
Fragile Fern,259
French White,56
Fresh Apricot,154
Fresh Artichoke,307
Fresh Baked Bread,340
Fresh Cantaloupe,152
Fresh Cut Grass,169
Fresh Eggplant,185
Fresh Grown,122
Fresh Honeydew,257
Fresh Pineapple,163
Fresh Snow,976
Fresh Sod,415
Fresh Thyme,415
Fresh Water,137
Friar Tuck,667
Frond,462
Frontier Land,550
Frostbite,523
Frosted Garden,125
Frosting Cream,233
Frostproof,133
Frosty Day,134
Frosty Fog,376
Frosty Mint,266
Frozen Lake,424
Frozen Tundra,370
Frozen Wave,178
Fuchsia Blush,146
Fuzzy Duckling,161
Gallery Gray,494
Galveston Tan,498
Galway Bay,583
Garden Dawn,261
Garden of Eden,310
Garden Pebble,519
Garden Shed,263
Garden Statue,365
Gardenia,87
Gardening,412
Garnet Evening,436
Gatsby Glitter,793
Gecko,305
Genteel Blue,886
Gentle Yellow,253
Georgia Clay,388
Geranium Red,286
Get Up and Go,170
Geyser,489
Ghost Town,396
Gilded,164
Ginger Spice,394
Gingerbread House,397
Girlie,240
Glacier Ivy,364
Glacier Point,271
Glamour White,43
Glass Tile,521
Glazed Sugar,242
Glen Falls,531
Glenwood Green,312
Glimpse of Pink,105
Glisten Green,356
Glitzy Red,442
Go-Go Green,830
Gold Gleam,403
Gold Sand,254
Golden Appeal,300
Golden Crest,299
Golden Gate,693
Golden Glitter,163
Golden Harmony,563
Golden History,302
Golden Impression,111
Golden Lock,210
Golden Nectar,159
Golden Rays,301
Golden Retriever,298
Golden Slumber,397
Golden Wash,118
Golden West,785
Goldenrod,209
Golf Course,169
Good Night!,895
Gothic Revival Green,804
Gourmet Honey,505
Graceful Green,580
Graham Cracker,560
Grain Mill,962
Grand Purple,230
Grange Hall,992
Granite,524
Granola,343
Grape Gatsby,325
Grape Jam,325
Grape Leaves,408
Grape Taffy,144
Grapes of Wrath,706
Grapevine,705
Graphite,430
Grass Root,306
Grass Valley,14
Gray Flannel,585
Gray Monument,395
Gray Pearl,676
Gray Wolf,590
Gray Wonder,528
Green Bayou,417
Green Gate,578
Green Lacewing,940
Green Lane,363
Green Mirror,621
Green Scene,575
Green Tea,78
Green Tourmaline,821
Greener Pastures,826
Greenhouse Glass,361
Greenland,580
Growth,312
Guiding Star,337
Gulf Stream,317
Gumdrop,281
Gunnysack,971
Gunsmoke,807
Gypsum Rose,749
Hailstorm,377
Half Moon Bay Blush,754
Hamilton Blue,587
Handmade Red,543
Handwoven,568
Happy Trails,741
Harbor Afternoon,375
Harbor Mist Gray,812
Harrison Rust,764
Harvest Time,390
Hay Day,305
Hayride,554
Haystacks,302
Haze Blue,528
Hazelnut,544
Hazelwood,248
Hazy Grove,359
Hazy Moon,350
Hazy Sky,276
Heart of Gold,953
Heart Throb,709
Heartfelt,147
Hearth Gold,454
Heather,665
Heirloom Rose,382
Heirloom Shade,80
Herb Garden,361
Herbal,124
Heritage Blue,847
Hickory,694
Hickory Branch,551
Hickory Cliff,596
Hidden Forest,582
Hidden Hills,360
High Noon,614
Highlight Gold,653
Highlighter,162
Hint of Spring,121
Hinterland,806
Historic White,950
Holly Bush,466
Hollyhock Bloom,714
Hollywood Golden Age,964
Hollywood Starlet,790
Home Plate,510
Homestead,553
Homestead Red,711
Honey Beehive,772
Honey Glow,299
Honey Grove,300
Honey Nectar,767
Hope Chest,449
Hot Jazz,196
Hot Sun,159
Howdy Partner,553
Huntington Garden,799
Huntington Woods,835
Hurricane Mist,59
Ice Castle,136
Ice Cold,271
Ice Fishing,273
Ice Glow,121
Ice Gray,651
Ice Palace,521
Iced Lemon,120
Icicle,77
Icy Lavender,377
Icy Lilac,140
Lavender Sweater,188
Lazy Caterpillar,359
Lazy Daisy,788
Lazy Lizard,306
Le Corbusier Crush,718
Lead Glass,62
Leaf Bud,165
Leafy,311
Legendary Gray,592
Legendary Purple,429
Lemon Caipirinha,787
Lemon Chiffon Pie,116
Lemon Gelato,215
Lemon Ice,273
Lemon Juice,215
Lemon Lime,161
Lemon Puree,215
Lemon Slice,162
Lemon Sorbet,119
Lemon Zest,163
Leprechaun,215
Let it Snow,269
Lichen Green,813
Life Aquatic,905
Light Aspiration,510
Light Azure,136
Light Beige,514
Light Carob,335
Light Gray,646
Light Lavender,101
Light Mist,257
Light of the Moon,353
Light Pine,410
Light Sprinkle,520
Lighthouse,30
Lightning Bolt,526
Lightning Bug,303
Lily,37
Lime Blossom,258
Lime Peel,797
Lime Slice,126
Lime Sorbet,166
Lime Twist,213
Limelight,165
Limerick,582
Limesicle,353
Limestone,517
Linden Spear,580
Linen White,644
Lingering Lilac,278
Lion’s Mane,298
Lipstick,282
Lit,114
Little Beaux Blue,846
Loch Ness,420
London Fog,428
Lonely Road,560
Long Lake,587
Looking Glass,593
Louisiana Mud,596
Love Affair,149
Love Letter,283
Love Potion,383
Lucky Clover,219
Luminary,38
Luna Pier,427
Lunar Eclipse,421
Lunar Landing,518
Lush Lilac,186
Lustrous Yellow,304
Lynx,544
Macaroon Cream,340
Mack Creek,404
MacKintosh Midnight,876
Madder Blue,377
Made of Steel,890
Madera,638
Madrid Beige,392
Magic Night,480
Magical Mauve,541
Magnolia,12
Mahogany Cherry,381
Maize,770
Majolica Earthenware,710
Malibu Sun,150
Mannequin,490
Maple Brown Sugar,936
Maple Syrup,359
Maple View,591
Marble Dust,506
Mardi Gras,185
Margarita,125
Marigold,297
Marina,181
Marine Layer,896
Maritime,885
Market Melon,291
Marsh Field,404
Marshmallow Rose,487
Martian,304
Mauve-a-Lish,699
Mayan Chocolate,990
Meadowood,685
Medallion,643
Mediterranean Sea,178
Meek Moss Green,903
Melt with You,952
Melted Butter,157
Melted Copper,293
Melted Wax,501
Melting Glacier,44
Melting Violet,486
Merlot,383
Mermaid’s Cove,416
Mesa Red,727
Mesa Rose,333
Mesa Tan,687
Metal Fringe,923
Mica Creek,425
Mid-century Gem,832
Midday Sun,249
Midland Tan,346
Midnight Blush,324
Midnight Brown,569
Midnight Garden,415
Midnight Haze,424
Midnight Spruce,581
Midnight Sun,877
Midspring Morning,130
Military Green,409
Milk Glass,93
Milk Mustache,508
Milkweed,610
Miner’s Dust,631
Minimal Rose,329
Mink,595
Mint Chiffon,128
Mint Condition,129
Mint Julep,167
Mint Smoothie,264
Mint-o-licious,127
Minty Fresh,265
Missing Link,545
Mission Bay Blue,860
Mission Gold,982
Mission Jewel,836
Mission Trail,571
Mission White,970
Mist of Green,367
Mist Spirit,527
Misted Eve,375
Mistletoe Kiss,309
Misty Afternoon,364
Misty Blush,490
Misty Hillside,360
Misty Lawn,126
Modern Ivory,512
Moderne Class,978
Modest Violet,277
Moenkopi Tan,617
Mojito,262
Molasses,596
Monarch Migration,763
Money,414
Monsoon,545
Montego Bay,316
Monterey Brown,553
Mood Lighting,338
Moody Blues,887
Moonlight,519
Moonstruck,351
Morning Calm,268
Morning Frost,260
Morning Mist,45
Morris Artichoke,827
Morro Bay,868
Moss Cottage,905
Moss Covered,577
Moss Stone,305
Mossy,566
Mother Earth,418
Mother Nature,263
Mother of Pearl,488
Mount Sterling,529
Mountain Air,540
Mountain Bluebird,870
Mow the Lawn,817
Muddy Mauve,329
Muddy Rose,496
Mulberry,483
Muscat Blanc,973
Musk,552
Muslin,516
Mustard Seed,301
Muted Berry,432
Mysterious Blue,318
Mythical Blue,636
Natural Bridge,567
Natural Light,354
Natural Radiance,957
Natural Tan,337
Natural Wool,350
Nature,361
Nautical,228
Navajo Turquoise,844
Navajo White,660
Navy Teal,178
Nectarine,153
Neutral Peach,244
Neutral Valley,556
Nevada Morning,244
New Cork,565
New Wool,494
Newbury Port,322
Night Night,430
Nightfall,423
Nightlife,893
Nightshade,704
No Need to Blush,105
Nocturnal Sea,177
Nomad,994
Nomadic Taupe,511
Northern Pond,374
Northern Territory,447
Northgate Green,573
Nosegay,104
Novelty Navy,587
Oak Harbor,565
Oakley Apricot,742
Oasis,843
Oatmeal Cookie,615
O'Brien Orange,757
Ocean City,322
Ocean Night,323
Ocean Oasis,221
Oceana Drive,374
Ochre Revival,769
October Haze,290
Ode to Green,265
Ode to Purple,326
Otten Orange,151
Oh Boy!,138
OK Coral,733
Old Boot,558
Old-Fashioned Purple,328
Old Mill,474
Olive Court,463
Olive Hint,407
Olive Martini,359
Olive Oil,354
Opalescent Coral,243
Opaline,616
Orange Aura,151
Orange Burst,202
Orange Daylily,289
Orange Delight,156
Orange Glass,155
Orange Jewel,204
Orange Marmalade,155
Orangeville,288
Organic Fiber,336
Organic Matter,406
Organza,155
Outer Boundary,542
Outer Space,425
Outlawed Orange,762
Overcast Sky,373
Oyster,639
Pacific Blues,883
Pacific Palisade,319
Palace Purple,187
Pale Apricot,109
Pale Beach,512
Pale Berries,491
Pale Blossom,233
Pale Cactus,128
Pale Eggplant,431
Pale Frost,272
Pale Jade,129
Pale Jasper,334
Pale Morning,122
Pale Nectar,108
Pale Pearl,344
Pale Rays,251
Pale Shale,376
Pale View,357
Pale Wheat,499
Palm Frond,306
Palm Leaf,287
Palm Springs Splash,833
Palm Tree,169
Paloma Tan,395
Palomino Pony,918
Papaya Whip,153
Paper Sack,564
Parakeet,168
Parchment Paper,345
Parisian Night,473
Parmesan,118
Parsley,171
Partial Pink,144
Particular Mint,522
Pasadena Rose,726
Passionate Plum,433
Pasta,345
Pastoral,124
Patina Creek,526
Pavilion Peach,296
Peace River,371
Peaceful Pastures,171
Peaceful Peach,336
Peaceful Rain,264
Peach,647
Peach Bellini,773
Peach Breeze,241
Peach Cider,246
Peach Fuzz,241
Peach Smoothie,247
Peaches 'n' Cream,748
Peachtree,151
Peachy Keen,107
Peacock Plume,316
Peanut Brittle,402
Pearl City,373
Pearl Necklace,18
Pearl White,42
Pearly Star,522
Peas in a Pod,308
Pebble Walk,579
Pecan Veneer,390
Pencil Eraser,487
Pencil Lead,428
Peppered Moss,458
Perfect Pear,258
Perfume Haze,142
Periscope,426
Periwinkle,184
Persimmon,297
Peruvian Lily,145
Pesto,304
Pewter Patter,924
Phoenix Villa,322
Pickle Juice,303
Pigeon Gray,570
Piglet,238
Pike Lake,585
Pinch of Pearl,2
Pine Cone,546
Pine Haven,419
Pine Mist,358
Pine Needle,314
Pink and Sleek,150
Pink Dahlia,716
Pink Glamour,149
Pink Glow,242
Pink Lemonade,106
Pink Lily,233
Pink Perfume,236
Pink Pleasure,237
Pink Punch,283
Pink Sparkle,238
Pink Theory,239
Pirate’s Gold,457
Pistachio Ice Cream,418
Pistachio Shell,577
Play on Gray,572
Playful Plum,542
Playful Purple,277
Plum Passion,145
Plum Perfect,328
Plum Point,279
Plum Power,327
Plum Wine,432
Plumville,541
Plunging Waterfall,112
Plush Suede,547
Poetic Yellow,117
Pointed Rock,591
Polar Ice,371
Polished Aqua,315
Polished Pink,240
Polished Silver,373
Pomegranate,286
Poodle Skirt,285
Pool Party,179
Poppy Crepe,41
Porcupine Needles,544
Porous Stone,515
Porpoise,537
Port Hope,175
Portobello Mushroom,919
Postwar Boom,881
Posy Petal,284
Potted Plant,311
Pottery Clay,734
Pouring Copper,289
Pouty Purple,142
Powder Mill,863
Powder Puff,230
Powdered,81
Practical Tan,500
Prairie Clay,747
Prairie Dog,547
Prairie Dune,338
Prairie Grove,567
Prairie Land,786
Prairie Sun,760
Praying Mantis,413
Precious Nectar,250
Precious Pearls,35
Preserve,482
Presidio Peach,732
Pretty in Pink,102
Pretty Petunia,143
Prim Blue,275
Prime Pink,150
Primitive Plum,484
Princely Violet,431
Prize Winning Orchid,328
Prom Corsage,144
Pueblo Rose,735
Pueblo White,972
Pumpkin Pie,292
Pumpkin Seed,119
Purple Daze,429
Purple Gumball,325
Purple Odyssey,232
Purple Potion,431
Purple Premiere,186
Purple Pride,187
Purple Prophet,327
Purple Prose,702
Purple Springs,431
Purple Trinket,432
Putnam Plum,189
Pyramid,561
Quack Quack,159
Queen Palm,405
Quicksand,669
Quiet Splendor,344
Radiant Glow,244
Radiant Sunrise,161
Raging Tide,320
Ragtime Blues,855
Rain Forest,173
Raindrops,492
Rainsong,838
Rainy Day,139
Rainy Lace,592
Rainy Season,528
Raisin in the Sun,544
Ranier White,645
Rare Turquoise,222
Raspberry Parfait,382
Raspberry Patch,715
Rattan Basket,568
Raw Umber,955
Razzle Dazzle,146
Real Raspberry,282
Reclaimed Wood,922
Red Clay,744
Red Contrast,195
Red Craft,720
Red Hook,552
Red Icon,193
Red Ink,330
Red Maple Leaf,740
Red Power,197
Red Revival,443
Red River,287
Red Rocks,384
Red Rooster,756
Redstone,285
Redwood City,385
Reeds,417
Reef Encounter,175
Refined Green,470
Refined Mint,9
Regency Cream,396
Rennie’s Rose,712
Renwick Brown,927
Retro Peach,612
Revival Red,738
Revival Rose,602
Rhinoceros,586
Rhythm & Blues,892
Rice Bowl,508
Rice Paper,116
Rich Honey,292
Rich Ivory,250
Rich Mocha,448
Ridgecrest,564
Rincon Cove,684
Ripe Pear,165
Ripe Plum,542
Ripe Pumpkin,156
River Fountain,317
River Rocks,548
Riverbed,635
Riviera,176
Roasted Squash,295
Rock ‘n’ Oak,569
Rock ‘n’ Rose,147
Rocky Mountain Red,739
Rocky Ridge,560
Rodeo,452
Rolling Hills,310
Rolling Waves,366
Roman Brick,662
Roman Gold,299
Roman Purple,326
Romantic,11
Root Beer Float,396
Rosarian,36
Rose Bisque,551
Rose de Mai,729
Rose Dusk,386
Rose Frost,107
Rose Fusion,150
Rose Glow,237
Roseberry,287
Roses are Red,725
Rosewine,381
Rosewood,627
Rosy Cheeks,147
Rosy Cloud,335
Rosy Tan,496
Rouge,385
Roxy Brown,551
Royal Palm,315
Royal Pretender,188
Royal Red Flush,722
Royal Robe,186
Rubber Ducky,160
Ruddy Oak,387
Russet Green,353
Russet Leather,737
Rustic Taupe,502
Rustique,334
Rusty Orange,393
Saddle Brown,391
Saddle Up,987
Saddlebag,745
Safe Harbor,182
Sage Leaves,412
Sahara,634
Sail Away,179
Sail to the Sea,138
Sailcloth,510
Salad,413
Salem Black,588
Salina Springs,671
Salmon Upstream,150
Salt Box,504
Salt Box Blue,859
San Gabriel Blue,854
San Miguel Blue,866
Sanctuary Spa,180
Sand Dollar,508
Sand Dune,502
Sandal,672
Sandcastle,599
Sandpitt,556
Sandstorm,343
Sandy Beach,339
Sandy Shore,352
Sangria,282
Santa Fe Sunrise,765
Santa Fe Sunset,755
Santa Fe Tan,400
Sapphire Fog,323
Satin Blush,243
Satin Purse,26
Satin Ribbon,238
Savannah Sun,153
Scarlet Apple,435
Scarlet Past,439
Schindler Brown,956
Sculptural Silver,526
Sea Glass,675
Sea Turtle,459
Seafoam,130
Seagull Wail,934
Seal Pup,424
Seaport,368
Seasonal Beige,389
Seaweed,416
Secluded Canyon,387
Secluded Green,576
Secret Path,575
Sedona at Sunset,394
Sentimental Pink,100
Sepia Tone,935
Serene Thought,517
Serpentine,407
Shaded Glen,407
Shaded Spruce,308
Shaded Sun,256
Shadow Effect,894
Shadow White,524
Shady,670
Shaggy Barked,655
Shaker Gray,572
Shallow End,129
Shamrock Field,171
Shark,369
Sheepskin,348
Sheer Lavender,279
Sheer Peach,31
Sheer Rosebud,333
Sheer Sunlight,115
Sheet Metal,590
Shimmering Sky,278
Shining Knight,589
Shiny Nickel,532
Short and Sweet,487
Shortbread,503
Shrubbery,308
Shutters,816
Shyness,48
Siamese Kitten,501
Sicilian Villa,293
Sidewalk Chalk,370
Silent Breath,366
Silent Ivory,254
Silhouette,523
Silver Bullet,538
Silver City,532
Silver Creek,523
Silver Fern,356
Silver Fox,525
Silver Lake,538
Silver Lined,534
Silver Polish,537
Silver Screen,888
Silver Setting,535
Silver Skate,423
Silver Spoon,536
Silver Springs,533
Silver Spruce,368
Silver Storm,425
Simple Pink,286
Simply Violet,185
Singing the Blues,873
Skipping Stones,864
Sky Glass,527
Sky High,139
Slate Wall,422
Slice of Watermelon,284
Slightly Golden,395
Slopes,603
Slumber,181
Smashed Grape,326
Smoke & Ash,811
Smoke and Mirrors,369
Smoky Blue,867
Smoky Forest,574
Smoky Mountain,539
S'mores,555
Snow Lodge,371
Snow Pea,170
Snow Peak,539
Snow Plum,380
Snowflake,25
Snowy Evergreen,360
Snowy Shadow,275
Snug Cottage,52
So Chic!,911
Soaring Sky,268
Soft Cashmere,233
Soft Charcoal,430
Soft Coral,108
Soft Ivory,506
Soft Lavender,143
Soft Leather,392
Soft Lilac,380
Soft Mint,265
Soft Moss,362
Soft Orange Bloom,241
Soft Peach Mist,107
Soft Petals,34
Soft Pumice,586
Soft Purple,379
Soft Silver,98
Solar Wind,663
Sonoma Chardonnay,768
Sonoma Sage,819
Sonora Shade,391
Soot,585
Sorrel Felt,921
Sour Apple,406
Sour Lemon,160
Southwestern Clay,287
Spacious Plain,566
Spacious Sky,376
Spanish Olive,307
Spanish Peanut,388
Spanish White,618
Sparkling Cider,7
Sparkling Frost,533
Sparkling River,270
Spearmint,131
Spice Cake,393
Spice of Life,736
Spiced Berry,438
Spiced Hot Chocolate,988
Spiced Nectarine,154
Spicy Mustard,300
Spicy Tomato,288
Spinach Dip,362
Spirit Mountain,422
Splish Splash,180
Spooky,519
Spooled White,494
Sprig of Mint,172
Spring Buttercup,113
Spring Fields,309
Spring Frost,4
Spring Garden,312
Spring Juniper,217
Spring Leaves,416
Spring Lilac,101
Spring Marsh,405
Spring Shower,134
Spring White,19
Springtime Dew,123
Springtime Rain,50
Spruce Woods,573
Spun Sugar,329
Stanford Green,828
Stanford Stone,993
Star City,318
Star Grass,173
Stargazing,587
Starstruck,183
Stately Stems,419
Steamy Spring,367
Stellar Light,246
Steveareno Beige,630
Stieglitz Silver,909
Still Morning,248
Stockhorse,557
Stone Bridge,420
Stone Craft,581
Stone Creek,579
Stone Mason,912
Stone Path,365
Stone Silver,421
Stonish Beige,677
Storm Cloud,591
Stormy Sea,424
Strawberry Blonde,106
Strawberry Dust,6
Strawberry Frappe,149
Strawberry Jam,148
Strawberry Shortcake,285
Striking Red,192
Stucco Tan,513
Studio White,493
Stuffed Olive,409
Suede Vest,295
Suffragette Yellow,784
Sugar Cookie,351
Sugar Glaze,340
Sullen Gold,403
Summer Daffodil,157
Summer Hue,249
Summer Lake,179
Summer Night,320
Summer Pear,354
Summer Shade,858
Summer Solstice,789
Summer Sun,162
Summertime,300
Summerville Brown,559
Sun City,120
Sun Drenched,156
Sun Kissed,251
Sun Surprise,163
Sunbaked Adobe,949
Sundown,342
Sunflower,160
Sunken Ship,437
Sunny Disposition,778
Sunnyside Up,792
Sunset Cove,637
Sunstitch,771
Supernova,351
Surf’s Up,880
Surfside,270
Swan White,33
Sweet Butter,255
Sweet Frosting,110
Sweet Garden,174
Sweet Potato,291
Sweet Romance,235
Sweet Sachet,102
Sweet Serenade,236
Sweet Sixteen,237
Sweetheart,330
Sweetie Pie,280
Sweetly,103
Swiss Coffee,8
Sycamore Stand,606
Taffy Pink,283
Tahitian Tan,245
Taliesin Blue,691
Tan Plan,559
Tan Temptation,390
Tan Whirl,496
Tanami Desert,402
Tangerine Dream,152
Tangerine Tango,154
Tapering Light,355
Tara’s Drapes,411
Tarnished Silver,590
Tatami Mat,112
Tavern Creek,455
Tawny Amber,389
Tawny Owl,937
Tea Bag,548
Tea Biscuit,501
Teal Fury,317
Teal Me No Lies,175
Teal Tune,178
Teal Waters,220
Teardrops,135
Teatime Mauve,597
Teddy Bear,558
Tee Off,414
Tender Peach,152
Terra Rosa,384
Terracotta Sand,503
Thatched Roof,509
That’s Atomic,801
Thawed Out,368
The Blues,181
The Green Hour,841
Thick Fog,492
Thicket,309
Think Pink,382
Thundercloud,421
Tickled Crow,601
Tiffany Rose,730
Tiki Torch,403
Tinted Ice,131
Tinted Iris,278
Tinted Mint,259
Toadstool,365
Toasted Marshmallow,563
Tofu,245
Topiary,307
Tortilla,349
Total Recall,61
Touch of Mint,39
Trade Winds,944
Trading Post,400
Trail Blazer,930
Trail Dust,557
Trailing Vine,259
Tranquil Eve,379
Tranquil Sea,378
Tranquil Seashore,839
Tranquil Teal,314
Translucent Silk,334
Traveling Tan,495
Travertine,688
Treasure Chest,571
Tree Lined,837
Treetop,419
Trellis,363
Tried & True Blue,879
Trinity Islands,575
Trite White,513
Tropical Kelp,174
Tropical Lagoon,177
Tropical Moss,405
Tropical Teal,176
Tropical Waterfall,267
Turbulent Sea,423
Turtle Lake,314
Turtle Trail,576
Tuscan Mosaic,569
Tuscan Sun,158
Tutu,284
Twilight Taupe,548
Twilight Twinkle,184
Twine,407
Twinkling Lights,114
Two Harbors,372
Underbrush,402
Union Springs,574
Untamed Orange,199
Up North,419
Valley Flower,633
Valley of Fire,153
Van de Cane,73
Vanilla Blush,498
Vanilla Shake,27
Vapor,535
Vegetable Garden,306
Vegetation,172
Veiled Spotlight,530
Veiled Violet,432
Velvet Clover,581
Veranda,840
Veranda Gold,566
Verdant Views,805
Verde,311
Verona Beach,503
Vibrant Honey,157
Vibrant Orchid,188
Victorian Greenhouse,829
Victorian Rouge,384
Victorian Violet,328
Vineyard,417
Vintage Ephemera,967
Vintage Red,724
Violet Clues,70
Violet Crush,277
Violet Gems,141
Violet Kiss,146
Violet Majesty,231
Violet Shadow,481
Viva Las Vegas,794
Vivid Violet,281
Vulcan,588
Waffle Cone,402
Waffling Gray,488
Walker Lake,181
Walnut Shell,399
Walrus,592
Wandering River,321
Wandering Road,550
Warm and Toasty,943
Warm Butterscotch,561
Warm Hearth,555
Warm Light,112
Wasabi,168
Water Baby,177
Watercress,409
Waterloo,531
Watermist,518
Watson Lake,318
Wax Poetic,948
Wax Wing,47
Weather Board,571
Weathered Blue,857
Weathered Brown,679
Weathered Coral,623
Weathered Leather,554
Weathered Saddle,387
Wedding Dress,57
Wedge of Lime,166
Weekend Gardener,170
Wells Gray,574
Western Red,552
Western Sunrise,766
Whale Watching,809
Wharf View,696
What's Left,21
Wheat Bread,399
Where Buffalo Roam,777
Whirlwind,488
Whisper,3
Whisper Blue,276
Whisper Gray,626
Whisper of Grass,266
Whispering Rain,358
White (-1),5
White Beach,348
White Blossom,974
White Crest,88
White Fever,28
White Heat,92
White Lake,530
White Picket Fence,945
White Russian,491
White Sand,82
White Sulfur,24
White Zin,76
Whole Wheat,557
Wild Bill Brown,985
Wild Blue Yonder,137
Wild Forest,216
Wild Horses,980
Wild Maple,341
Wild Mustang,450
Wild Thyme,309
Wild West,547
Wilderness,573
Wildflower Honey,783
Wind Chill,49
Windmill,493
Windrock,582
Windswept,132
Windy Sky,525
Wine Goblet,697
Wine Stain,434
Winter Chill,269
Winter Chime,134
Winter Dusk,378
Winter Escape,132
Winter Lite,640
Winter Mist,127
Winter Morn,914
Winter Oasis,262
Winter Shamrock,261
Winter Solstice,374
Wintermint,313
Wishful White,521
Wishing Well,520
Wisp of Smoke,533
Wispy Mauve,490
With the Grain,965
Wolverine,907
Wood Lake,550
Wooded Acre,558
Wooden Peg,570
Woodland Walk,410
Woodlawn Green,695
Worn Denim,94
Woven Gold,301
Woven Reed,357
Wreath,415
Yams,291
Yankee Doodle,875
Yellow Brick Road,301
Yellow Stone,303
Yellow Summer,207
Yellow Yarn,255
York Plum,142
Young Fawn,489
Your Majesty,327
Your Shadow,428
You're Blushing,743
Yreka!,891
Yucatan,394
Yuma Gold,156
Zucchini Flower,775