hex1,hex2
A59344,FFFBF0
A59344,E5DA9F
FFFBF0,E5DA9F
EED9D1,F7F6F1
EED9D1,C5C0AC
F7F6F1,C5C0AC
F8F3F6,D6C0A4
EDE9DD,F7F6F1
EDE9DD,D8C7B6
F7F6F1,D8C7B6
EDA740,FFFBEE
EDA740,D8C7B6
FFFBEE,D8C7B6
B3E1E8,F8F5E9
B3E1E8,D5C6BD
F8F5E9,D5C6BD
B0B9C1,FFFDF2
B0B9C1,C89672
FFFDF2,C89672
50647F,F4F1EB
50647F,BAB6A9
F4F1EB,BAB6A9
FB9587,F7F6F1
FB9587,D5C6BD
F7F6F1,D5C6BD
D1B791,FDF3E4
D1B791,87A1B1
FDF3E4,87A1B1
E5C1A7,FFFBF0
E5C1A7,DCD8C7
FFFBF0,DCD8C7
508FA2,FFFCEC
508FA2,EDD2A3
FFFCEC,EDD2A3
E3F5E5,FDFAF1
E3F5E5,D9DFE3
FDFAF1,D9DFE3
33616A,F7F6F1
33616A,CEBE9F
F7F6F1,CEBE9F
FFF6B9,FDFAF1
FFF6B9,DCD8C7
FDFAF1,DCD8C7
B0C6DF,F4F0E8
B0C6DF,D4CEBF
F4F0E8,D4CEBF
96A69F,E5EBE6
96A69F,D1DAD5
E5EBE6,D1DAD5
898253,FDF6E7
898253,E1DDBF
FDF6E7,E1DDBF
6C6956,F3F0E8
6C6956,D2CFC1
F3F0E8,D2CFC1
9D7147,E2D8C2
9D7147,BCA380
E2D8C2,BCA380
D8F2EE,F5EAE3
D8F2EE,D6C3B9
F5EAE3,D6C3B9
FAECD9,F7F6F1
FAECD9,D5C7B3
F7F6F1,D5C7B3
F3E7DB,F7F6F1
F3E7DB,EEE2D5
F7F6F1,EEE2D5
CA9234,E5DFCD
CA9234,C7BDA8
E5DFCD,C7BDA8
CDDCED,FAF7F0
CDDCED,DFC6AA
FAF7F0,DFC6AA
F8CDAA,FAF3E6
F8CDAA,CEBE9F
FAF3E6,CEBE9F
FFF7D8,FDFAF1
FFF7D8,FFE1A3
FDFAF1,FFE1A3
977B4D,F7F6F1
977B4D,D5DBD5
F7F6F1,D5DBD5
EEC87C,FFF8E3
EEC87C,FFECC2
FFF8E3,FFECC2
EDDCC8,FFF9E4
EDDCC8,C6DCC7
FFF9E4,C6DCC7
D6C0A4,F5E9D9
D6C0A4,C5C0AC
F5E9D9,C5C0AC
FEDEBC,FFFDF2
DCF2E3,FFFCE3
DCF2E3,E2D8C3
FFFCE3,E2D8C3
B8BA87,FDFAF1
B8BA87,F2E0C5
FDFAF1,F2E0C5
E9AA91,F5EBE1
E9AA91,D8C7B6
F5EBE1,D8C7B6
F9EDE2,FDFAF1
F9EDE2,E1CBB6
FDFAF1,E1CBB6
DED3E6,F3F0E8
DED3E6,D2CFC1
F3F0E8,D2CFC1
806568,FFFEED
806568,D4C0C5
FFFEED,D4C0C5
F6BC77,FFF9EC
F6BC77,D8C7B6
FFF9EC,D8C7B6
FFAFA3,FFF3F0
FFAFA3,D6C3B9
FFF3F0,D6C3B9
FFF4EB,F7F6F1
FFF4EB,F7D8C4
F7F6F1,F7D8C4
0477B4,FDFAF1
0477B4,D6BA9B
FDFAF1,D6BA9B
BD97CF,F4F0E8
BD97CF,BBB3A2
F4F0E8,BBB3A2
EE5851,F7EFDE
EE5851,D8C7B6
F7EFDE,D8C7B6
596062,F4EAF0
596062,CDBACB
F4EAF0,CDBACB
9EBBCD,FFFDF2
9EBBCD,D6C3B9
FFFDF2,D6C3B9
746550,F7F6F1
746550,D8CFC1
F7F6F1,D8CFC1
F5E6DE,FDFAF1
F5E6DE,DDC3B7
FDFAF1,DDC3B7
F4EFEE,F7F6F1
F4EFEE,D2D2DF
F7F6F1,D2D2DF
EBE9D8,F0EFEB
EBE9D8,D8CEB9
F0EFEB,D8CEB9
BA8A45,F4F0E1
BA8A45,CBB68F
F4F0E1,CBB68F
ECAE58,FFFDEB
ECAE58,FFF3D5
FFFDEB,FFF3D5
FDF6E7,F7F6F1
FDF6E7,E1DDBF
F7F6F1,E1DDBF
B5B8A8,F4F2EA
B5B8A8,70828F
F4F2EA,70828F
FFC7B0,FFECE0
FFC7B0,CCBEAC
FFECE0,CCBEAC
8E5E5E,FDFAF1
8E5E5E,C3B4B3
FDFAF1,C3B4B3
CDBACB,ECEBE5
CDBACB,CBCDC4
ECEBE5,CBCDC4
B39355,F6ECD6
B39355,E9D4A9
F6ECD6,E9D4A9
FDF2DB,F7F6F1
FDF2DB,E9D4A9
F7F6F1,E9D4A9
FAEEDB,FDFAF1
FAEEDB,E3CBA8
FDFAF1,E3CBA8
BBB0B1,E6E0E0
BBB0B1,D9A05F
E6E0E0,D9A05F
F4F0E8,F7F6F1
F4F0E8,D4CEBF
F7F6F1,D4CEBF
957747,F4F0E8
957747,D4CEBF
F4F0E8,D4CEBF
997165,F7F6F1
997165,D8CFC1
F7F6F1,D8CFC1
ECE6D5,F7F6F1
ECE6D5,C95B83
F7F6F1,C95B83
D5BFA5,F2F1E6
D5BFA5,B9B79B
F2F1E6,B9B79B
DA995F,FCF7EB
DA995F,E3CBA8
FCF7EB,E3CBA8
F9FDD9,FFFFE9
F9FDD9,EFDFCF
FFFFE9,EFDFCF
EA8386,F9EDE2
EA8386,E1CBB6
F9EDE2,E1CBB6
F3F5E9,F7F6F1
F3F5E9,D5D8BC
F7F6F1,D5D8BC
FEC382,FDFAF1
FEC382,D5C6BD
FDFAF1,D5C6BD
FFCE79,FDFAF1
FFCE79,DCD8C7
FDFAF1,DCD8C7
FFF6E9,F7F6F1
FFF6E9,FFE3CB
F7F6F1,FFE3CB
96D3D8,FDFAF1
96D3D8,E5D2B0
FDFAF1,E5D2B0
D6EAE8,F0EFEB
D6EAE8,D8CEB9
F0EFEB,D8CEB9
006477,F8F5E9
006477,D8C7B6
F8F5E9,D8C7B6
A14C3F,FFF9E4
A14C3F,D8C7B6
FFF9E4,D8C7B6
70BA9F,FFFBF0
70BA9F,D5C6BD
FFFBF0,D5C6BD
B8DFF8,F7F6F1
B8DFF8,E9E2D7
F7F6F1,E9E2D7
AD735A,E1D8B8
AD735A,C0B28E
E1D8B8,C0B28E
669264,F6EFE1
669264,C7BDA8
F6EFE1,C7BDA8
74857F,E4EBE7
74857F,D0DBD7
E4EBE7,D0DBD7
747769,ECEBE5
747769,CBCDC4
ECEBE5,CBCDC4
A28440,FEF5DB
A28440,EFDBA7
FEF5DB,EFDBA7
896956,F3E4D3
896956,E2C4AF
F3E4D3,E2C4AF
41B45C,FDFAF1
41B45C,D4CEBF
FDFAF1,D4CEBF
5C6B65,FDFAF1
5C6B65,B6C5C1
FDFAF1,B6C5C1
F5C68B,F0EFEB
F5C68B,ECD8B1
F0EFEB,ECD8B1
C1B5A9,FDFAF1
C1B5A9,F1D5AE
FDFAF1,F1D5AE
A88E8B,FFFBF0
A88E8B,E3CBA8
FFFBF0,E3CBA8
9B9092,E6E0E0
9B9092,D4CBCC
E6E0E0,D4CBCC
BCC4BD,E8EBE7
BCC4BD,7D867C
E8EBE7,7D867C
B9CB5A,FFF9E2
B9CB5A,D8CFC1
FFF9E2,D8CFC1
6A8D88,F5EBE1
6A8D88,D8C7B6
F5EBE1,D8C7B6
F6DF9F,FDFAF1
F6DF9F,D8CFC1
FDFAF1,D8CFC1
8EC2E7,FDFAF1
8EC2E7,E2D6BD
FDFAF1,E2D6BD
336172,F5EFE8
336172,C1B4A0
F5EFE8,C1B4A0
994240,E5DFCD
994240,939789
E5DFCD,939789
FFD79D,FFFBF0
FFD79D,D8C7B6
FFFBF0,D8C7B6
9D6F46,FDFAF1
9D6F46,D2C5AE
FDFAF1,D2C5AE
FFE0CB,FFF7ED
FFE0CB,E8DAD1
FFF7ED,E8DAD1
AE704F,FFF4EB
AE704F,F7D8C4
FFF4EB,F7D8C4
799B96,ECEBE5
799B96,B8A88A
ECEBE5,B8A88A
FFEFBC,FFFDEB
FFEFBC,E8B447
FFFDEB,E8B447
B0E0F6,FDFAF1
B0E0F6,D5C7B3
FDFAF1,D5C7B3
FFEDA2,FFF9E4
FFEDA2,D8C7B6
FFF9E4,D8C7B6
C8BA63,F6EAD8
C8BA63,DDC3B7
F6EAD8,DDC3B7
FFDFE8,FFF9EC
FFDFE8,FAE6CA
FFF9EC,FAE6CA
A1A5A8,F7F6F1
A1A5A8,D8DADB
F7F6F1,D8DADB
FFAEC1,ECEBE5
FFAEC1,CBCDC4
ECEBE5,CBCDC4
FFF1F1,FDFAF1
FFF1F1,FFDADC
FDFAF1,FFDADC
F2EDEC,E7E3DB
8FAACA,FDF3E4
8FAACA,D6C5A9
FDF3E4,D6C5A9
936A5B,F2F1DC
936A5B,CED2AB
F2F1DC,CED2AB
F4E1C5,FDFAF1
F4E1C5,CDD0C0
FDFAF1,CDD0C0
B69E87,FCF7EB
B69E87,8FC1D2
FCF7EB,8FC1D2
C6B788,F6EFE1
C6B788,7E6F4F
F6EFE1,7E6F4F
F0E8D9,FDFAF1
F0E8D9,D2C6AE
FDFAF1,D2C6AE
FED5E9,FFFBF0
FED5E9,D8C7B6
FFFBF0,D8C7B6
FFDAE8,FDFAF1
FFDAE8,E9D3BA
FDFAF1,E9D3BA
E5DA9F,FAF4D4
E5DA9F,E9D3BA
FAF4D4,E9D3BA
BCAB8C,F0E8D9
BCAB8C,E3D9A0
F0E8D9,E3D9A0
FFF49C,F7EFDD
FFF49C,D8CFC1
F7EFDD,D8CFC1
FFE774,FFFDF2
FFE774,DDDCBF
FFFDF2,DDDCBF
757374,FDFAF1
757374,D1D0D1
FDFAF1,D1D0D1
A28557,F7F6F1
A28557,E1CEAD
F7F6F1,E1CEAD
806B5D,F5ECE7
806B5D,D5C6BD
F5ECE7,D5C6BD
FFE9C7,FFFDF2
FFE9C7,E7E2D6
FFFDF2,E7E2D6
8B4044,F0EFEB
8B4044,BEA781
F0EFEB,BEA781
9E9589,E6E3D6
9E9589,D8C095
E6E3D6,D8C095
8E7E67,F5EFE8
8E7E67,D8CFC1
F5EFE8,D8CFC1
8CAEAC,E9F9F5
8CAEAC,CADFDD
E9F9F5,CADFDD
FEE8F5,EDE2E0
FEE8F5,E2D5D3
EDE2E0,E2D5D3
9C9C82,FFFCEC
9C9C82,D0D1C1
FFFCEC,D0D1C1
6F7476,FDFAF1
6F7476,F1D5AE
FDFAF1,F1D5AE
FFF9DD,F8F5E9
FFF9DD,F7E5A9
F8F5E9,F7E5A9
9899B0,ECEBE5
9899B0,CBCDC4
ECEBE5,CBCDC4
86793D,FDF3E4
86793D,D5C3AD
FDF3E4,D5C3AD
BFC9D0,FAEEDB
BFC9D0,D0B082
FAEEDB,D0B082
D2CDBC,F4ECDB
D2CDBC,D1D9D7
F4ECDB,D1D9D7
6A819E,FFFCEC
6A819E,CDBDBA
FFFCEC,CDBDBA
89CEE0,F7F6F1
89CEE0,D6C5A9
F7F6F1,D6C5A9
A35046,F5EFE8
A35046,C1B4A0
F5EFE8,C1B4A0
EC9DC3,FFF0EA
EC9DC3,DBDBDA
FFF0EA,DBDBDA
EDD481,F7F6F1
EDD481,D6D69B
F7F6F1,D6D69B
E4C683,F4F0E1
E4C683,BAB4A6
F4F0E1,BAB4A6
494D8B,F5EFE8
494D8B,C1B4A0
F5EFE8,C1B4A0
FFF8DF,FDFAF1
FFF8DF,FFDEA6
FDFAF1,FFDEA6
F3F9E9,F7F6F1
F3F9E9,E3EFDD
F7F6F1,E3EFDD
5B4A44,ECE3E1
5B4A44,C3B4B3
ECE3E1,C3B4B3
92774C,F9EEDC
92774C,E1CEAD
F9EEDC,E1CEAD
186DB6,FFFBF0
186DB6,E0CFB5
FFFBF0,E0CFB5
F6E491,F0EFEB
F6E491,C7C7C2
F0EFEB,C7C7C2
F0B073,F0E8D9
F0B073,D2C6AE
F0E8D9,D2C6AE
4D6A77,FAECD9
4D6A77,CCAF92
FAECD9,CCAF92
B9C3B3,F5EBE1
B9C3B3,D8C7B6
F5EBE1,D8C7B6
618B97,ECEBE5
618B97,BAB4A6
ECEBE5,BAB4A6
5D66AA,FFFBEE
5D66AA,D2D8F4
FFFBEE,D2D8F4
87CDED,F8F5E9
87CDED,E2D6BD
F8F5E9,E2D6BD
F2B8CA,FAF3E6
F2B8CA,E2D6BD
FAF3E6,E2D6BD
FBDAE8,FFF9EC
FBDAE8,A2B7CF
FFF9EC,A2B7CF
B6CACA,F6EFE1
B6CACA,D2CDBC
F6EFE1,D2CDBC
E5A2AB,FFEBEE
E5A2AB,D2C6AE
FFEBEE,D2C6AE
A9B9B5,ECEBE5
A9B9B5,C7BDA8
ECEBE5,C7BDA8
B19C8F,EBE2CF
B19C8F,DDCAAF
EBE2CF,DDCAAF
886E54,FFFBF0
886E54,CDB9A2
FFFBF0,CDB9A2
3F6E8E,DBD7C4
3F6E8E,CBB68F
DBD7C4,CBB68F
676B55,FAF0DB
676B55,CDD0C0
FAF0DB,CDD0C0
155843,F8F5E9
155843,E3CBA8
F8F5E9,E3CBA8
E7D9DB,FFFBF0
E7D9DB,F5BFB2
FFFBF0,F5BFB2
F6EEDF,CCB49A
CCBEAC,FFF9E4
CCBEAC,E9E1A7
FFF9E4,E9E1A7
E2C681,FEF5DB
E2C681,E5A192
FEF5DB,E5A192
FEEDCA,FFF8EE
FEEDCA,E5A192
FFF8EE,E5A192
9F9180,F4F0E3
9F9180,D5C7B3
F4F0E3,D5C7B3
E5D2B0,FBF1DF
E5D2B0,4D6A77
FBF1DF,4D6A77
FEA051,F4F0E1
FEA051,B3B5AF
F4F0E1,B3B5AF
474A4E,FAF3E6
474A4E,D4D0C5
FAF3E6,D4D0C5
4E4B4A,F7F6F1
4E4B4A,B6B5B8
F7F6F1,B6B5B8
3B3A3A,FDFAF1
3B3A3A,D8C7B6
FDFAF1,D8C7B6
5E6354,FAEEDB
5E6354,D0B082
FAEEDB,D0B082
474C4D,F7F6F1
474C4D,CAD3D4
F7F6F1,CAD3D4
4A4F5A,FDFAF1
4A4F5A,D6C3B9
FDFAF1,D6C3B9
4F5552,FFFBEE
4F5552,D1D8D6
FFFBEE,D1D8D6
343E54,F5EFE8
343E54,C1B4A0
F5EFE8,C1B4A0
5C5451,FDFAF1
5C5451,CBC5C6
FDFAF1,CBC5C6
4C5752,E4EBE7
4C5752,B6C5C1
E4EBE7,B6C5C1
464647,FDFAF1
464647,D5D7D9
FDFAF1,D5D7D9
5E4F46,ECE5E1
5E4F46,C5B9B4
ECE5E1,C5B9B4
51504D,FDFAF1
51504D,D3D3D2
FDFAF1,D3D3D2
FFF0E3,F8F5E9
FFF0E3,EDCCB3
F8F5E9,EDCCB3
FFEFD6,F7F6F1
FFEFD6,F5CE9F
F7F6F1,F5CE9F
F3AD63,FDFCFA
F3AD63,D4D0C5
FDFCFA,D4D0C5
FFFBE8,FDFAF1
FFFBE8,FFEFCB
FDFAF1,FFEFCB
A5CDE1,EBE9D8
A5CDE1,F1E6CC
EBE9D8,F1E6CC
1D5699,F7F6F1
1D5699,D5C7B3
F7F6F1,D5C7B3
84A5DC,E0EBFA
84A5DC,CCBEAC
E0EBFA,CCBEAC
375673,F7F6F1
375673,D6C0A4
F7F6F1,D6C0A4
7F809C,FFF8E3
7F809C,D6C0A4
FFF8E3,D6C0A4
637983,E5DFCD
637983,E1D8B8
E5DFCD,E1D8B8
BBDEE5,FDFAF1
BBDEE5,E2D8C3
FDFAF1,E2D8C3
576A7D,E6E3D6
576A7D,A5A495
E6E3D6,A5A495
4E5878,FFFCEC
4E5878,D2C6AE
FFFCEC,D2C6AE
ADC5C9,FFFBF0
ADC5C9,E1CEAD
FFFBF0,E1CEAD
535A61,FDFAF1
535A61,CCD3D8
FDFAF1,CCD3D8
484B62,F4F0E8
484B62,D4CEBF
F4F0E8,D4CEBF
475C62,EBE6D7
475C62,C7BDA8
EBE6D7,C7BDA8
0D6183,F6EFE1
0D6183,DCD3BC
F6EFE1,DCD3BC
5588AB,FDFAF1
5588AB,E3CBA8
FDFAF1,E3CBA8
EEDAD1,F2F0E8
EEDAD1,B9B79B
F2F0E8,B9B79B
B6C5C1,E4EBE7
B6C5C1,74857F
E4EBE7,74857F
6C6B6A,ECEBEA
6C6B6A,BFD1C9
ECEBEA,BFD1C9
5E81C1,FFFDF2
5E81C1,E5D2B0
FFFDF2,E5D2B0
9D777C,F7F6F1
9D777C,D4D0C5
F7F6F1,D4D0C5
F3EDDE,F7F6F1
F3EDDE,D5C7B3
F7F6F1,D5C7B3
EADFCE,FDFAF1
EADFCE,D5DBD5
FDFAF1,D5DBD5
EBDECC,FDFAF1
EBDECC,ADC5C9
FDFAF1,ADC5C9
CE4E35,FDFAF1
CE4E35,D6C5A9
FDFAF1,D6C5A9
8DBBD1,FDFAF1
8DBBD1,D2C6AE
FDFAF1,D2C6AE
787B54,F3F5E9
787B54,D5D8BC
F3F5E9,D5D8BC
767C9E,F6ECD6
767C9E,EAD0A9
F6ECD6,EAD0A9
5E624A,EBE6D7
5E624A,B9B297
EBE6D7,B9B297
6C5654,F4ECDB
6C5654,BCAB9C
F4ECDB,BCAB9C
E1CEAD,F9EEDC
E1CEAD,B89B6B
F9EEDC,B89B6B
707B71,F7F6F1
707B71,D2C5AE
F7F6F1,D2C5AE
F1F3F9,F7F6F1
F1F3F9,CACFDC
F7F6F1,CACFDC
B35E97,FDFAF1
B35E97,D4D0C5
FDFAF1,D4D0C5
D5AB2C,F7F6F1
D5AB2C,D2C5AE
F7F6F1,D2C5AE
B78B43,F6EBD7
B78B43,D1D2BF
F6EBD7,D1D2BF
BFA270,F3E5CB
BFA270,9E8185
F3E5CB,9E8185
FFFABD,F3F5E9
FFFABD,D5D8BC
F3F5E9,D5D8BC
F6E3D3,FFFCEC
F6E3D3,E5A5C1
FFFCEC,E5A5C1
E9E1A7,FCF7DB
E9E1A7,D2C6AE
FCF7DB,D2C6AE
745443,FFFDF2
745443,C8AE96
FFFDF2,C8AE96
B38070,F7F1E2
B38070,B1B6A3
F7F1E2,B1B6A3
FF8830,F5EFE8
FF8830,D8CFC1
F5EFE8,D8CFC1
FFFFEA,FDFAF1
FFFFEA,FFFCDB
FDFAF1,FFFCDB
EFC5B5,ECEBE5
EFC5B5,CBCDC4
ECEBE5,CBCDC4
9B7E4E,FBF1DF
9B7E4E,E5D2B0
FBF1DF,E5D2B0
D78A6C,F5EFE8
D78A6C,D8CFC1
F5EFE8,D8CFC1
5E6D6E,F0EFEB
5E6D6E,DDCB91
F0EFEB,DDCB91
8F6E4B,FCF7EB
8F6E4B,E9D3BA
FCF7EB,E9D3BA
9E6B4A,FDFAF1
9E6B4A,BFC9D0
FDFAF1,BFC9D0
BC9B4E,FDFAF1
BC9B4E,D2C6AE
FDFAF1,D2C6AE
D7AA60,FFFBEE
D7AA60,FCE5BF
FFFBEE,FCE5BF
DB9351,F1E7DB
DB9351,D5DBD5
F1E7DB,D5DBD5
FFC9D7,F4F2EA
FFC9D7,D0D2C5
F4F2EA,D0D2C5
D4BA8C,FBF1DF
D4BA8C,F3E5CB
FBF1DF,F3E5CB
705046,FFF8E3
705046,E2CCC7
FFF8E3,E2CCC7
FFC82A,FBF4E8
FFC82A,CCBEAC
FBF4E8,CCBEAC
AD8047,E5DFCD
AD8047,E2CC9C
E5DFCD,E2CC9C
CEBE9F,F1E7D5
CEBE9F,6DBAC0
F1E7D5,6DBAC0
FFE3F4,ECE5E1
FFE3F4,C5B9B4
ECE5E1,C5B9B4
8B7753,FAF3E6
8B7753,CEBE9F
FAF3E6,CEBE9F
BC8143,FFEFD6
BC8143,F5CE9F
FFEFD6,F5CE9F
EECB88,FFF9EC
EECB88,D8C7B6
FFF9EC,D8C7B6
EB5030,F4F1EB
EB5030,D4D0C5
F4F1EB,D4D0C5
FCE5BF,FFF9EC
FCE5BF,D8E4DE
FFF9EC,D8E4DE
7B5847,F5E6DE
7B5847,DDC3B7
F5E6DE,DDC3B7
B0724A,FFFDF2
B0724A,EDD2A3
FFFDF2,EDD2A3
A47C53,E6E3D6
A47C53,BCA380
E6E3D6,BCA380
784D4C,FDFAF1
784D4C,C1B4A0
FDFAF1,C1B4A0
DEB368,FDFAF1
DEB368,D8C7B6
FDFAF1,D8C7B6
CFE7CB,F4F0E3
CFE7CB,D5C7B3
F4F0E3,D5C7B3
E6D5BA,F4F0E1
E6D5BA,A5B4B6
F4F0E1,A5B4B6
FFFEE4,FFF8EE
FFFEE4,F4EAF0
FFF8EE,F4EAF0
D9A05F,FFF8E3
D9A05F,DBD4AB
FFF8E3,DBD4AB
007B90,FFFBEE
007B90,CDB9A2
FFFBEE,CDB9A2
845998,F6E5F6
845998,C0C3C4
F6E5F6,C0C3C4
93C460,F7F6F1
93C460,E5D2B0
F7F6F1,E5D2B0
9C9584,F4F1EB
9C9584,D4D0C5
F4F1EB,D4D0C5
93807F,EBE6D7
93807F,BEA781
EBE6D7,BEA781
FCBE6A,E3DAC6
FCBE6A,A7B191
E3DAC6,A7B191
959988,E5DFCD
959988,CC9469
E5DFCD,CC9469
ECE6C8,FDFAF1
ECE6C8,D4C0C5
FDFAF1,D4C0C5
E7FAFA,FDFAF1
E7FAFA,F1E7D5
FDFAF1,F1E7D5
FFE7EB,FFFDF2
FFE7EB,E2D8C3
FFFDF2,E2D8C3
F2DEBC,FFF9EC
F2DEBC,E2CCC7
FFF9EC,E2CCC7
DDCAAF,E2D8C2
DDCAAF,BA947F
E2D8C2,BA947F
7E7150,FAF3E6
7E7150,DDCDB3
FAF3E6,DDCDB3
CE5F38,FFF9EC
CE5F38,DFC6AA
FFF9EC,DFC6AA
8F9AA4,FFFBF0
8F9AA4,FAE6CA
FFFBF0,FAE6CA
E9D4A9,FDF2DB
E9D4A9,D19776
FDF2DB,D19776
E1C161,F2F0E8
E1C161,D0D1C1
F2F0E8,D0D1C1
B95B6D,FDFAF1
B95B6D,DFC6AA
FDFAF1,DFC6AA
FFF4A1,FDFAF1
FFF4A1,D8CFC1
FDFAF1,D8CFC1
FFE8C3,F4F0E3
FFE8C3,D5C7B3
F4F0E3,D5C7B3
F9EBBF,FFFDF2
F9EBBF,E2C779
FFFDF2,E2C779
FFFFE8,F7F6F1
FFFFE8,F6EFC5
F7F6F1,F6EFC5
FFF1D5,F7F6F1
FFF1D5,F6BC77
F7F6F1,F6BC77
DDC3B7,F5E6DE
DDC3B7,D04A70
F5E6DE,D04A70
F5DED1,FFFCEC
F5DED1,B5B6CE
FFFCEC,B5B6CE
91A2A6,FDFAF1
91A2A6,D6C3B9
FDFAF1,D6C3B9
B87A59,F2F0E8
B87A59,B6B5A0
F2F0E8,B6B5A0
CC8654,FFFBF0
CC8654,DDB994
FFFBF0,DDB994
BA947F,E5DFCD
BA947F,606256
E5DFCD,606256
565B58,ECEBE5
565B58,D5CDB4
ECEBE5,D5CDB4
3F9DA9,FDFAF1
3F9DA9,E5D2B0
FDFAF1,E5D2B0
CDA563,FFFBEE
CDA563,EDD2A3
FFFBEE,EDD2A3
927F76,E2D8C2
927F76,B3B5AF
E2D8C2,B3B5AF
F485AC,FFF0EA
F485AC,C2B1A1
FFF0EA,C2B1A1
006E7A,FDFAF1
006E7A,D5C6BD
FDFAF1,D5C6BD
ECEBE5,F0EFEB
ECEBE5,E3DAC6
F0EFEB,E3DAC6
BF6F31,FAECD9
BF6F31,BCC4BD
FAECD9,BCC4BD
937A62,FDFAF1
937A62,D8C7B6
FDFAF1,D8C7B6
F7F5F6,F7F6F1
F7F5F6,D5DBD5
F7F6F1,D5DBD5
EDCCB3,F7F6F1
EDCCB3,D2D8F4
F7F6F1,D2D8F4
EBDBCA,FDFAF1
EBDBCA,BBB0B1
FDFAF1,BBB0B1
6DBAC0,F4F0E3
6DBAC0,D5C7B3
F4F0E3,D5C7B3
9DA7A0,E8EBE7
9DA7A0,D5DBD5
E8EBE7,D5DBD5
A9AAAB,ECEBEA
A9AAAB,DBDBDA
ECEBEA,DBDBDA
F6FDFA,FDFAF1
F6FDFA,ABDCEE
FDFAF1,ABDCEE
859475,E3E1CC
859475,A9B49A
E3E1CC,A9B49A
86736E,F7F6F1
86736E,DBD0CE
F7F6F1,DBD0CE
515252,FDFAF1
515252,EDD2A3
FDFAF1,EDD2A3
8F684B,FCF0E5
8F684B,D5B59C
FCF0E5,D5B59C
BF6955,FBE9D8
BF6955,C5C0AC
FBE9D8,C5C0AC
DDA896,FDFAF1
DDA896,CDD0C0
FDFAF1,CDD0C0
CAE277,FFFFEF
CAE277,E2D6BD
FFFFEF,E2D6BD
E3D4B9,F4ECDB
E3D4B9,E6B4A6
F4ECDB,E6B4A6
7C503F,FFF9EC
7C503F,E0CFB5
FFF9EC,E0CFB5
515153,F0EFEB
515153,C7C7C2
F0EFEB,C7C7C2
F5E5CE,FCF7EB
F5E5CE,D0D2C5
FCF7EB,D0D2C5
817A69,F4F1EB
817A69,D4D0C5
F4F1EB,D4D0C5
E9E9E1,F7F6F1
E9E9E1,D8C7B6
F7F6F1,D8C7B6
F1E4CB,F4ECDB
F1E4CB,E26058
F4ECDB,E26058
F3DEBC,FFF9EC
F3DEBC,BFD1C9
FFF9EC,BFD1C9
606788,FFFCEC
606788,D2C6AE
FFFCEC,D2C6AE
E5D0B0,F7F6F1
E5D0B0,C8D1C4
F7F6F1,C8D1C4
644B41,EEDFDD
644B41,C6AEAA
EEDFDD,C6AEAA
5D625C,E6E3D6
5D625C,BAB4A6
E6E3D6,BAB4A6
9497B3,F8F5E9
9497B3,E3CBA8
F8F5E9,E3CBA8
5D5B56,F0EFEB
5D5B56,D8CEB9
F0EFEB,D8CEB9
60605E,F8F5E9
60605E,F1D5AE
F8F5E9,F1D5AE
9F414B,F1E4CB
9F414B,D8CEB9
F1E4CB,D8CEB9
007F3A,F5E9D9
007F3A,D6C0A4
F5E9D9,D6C0A4
FF90A2,FBF1DF
FF90A2,F7D8C4
FBF1DF,F7D8C4
DAD000,F4F1EB
DAD000,BAB6A9
F4F1EB,BAB6A9
FFFCDA,FDEFE9
FFFCDA,E8DCD5
FDEFE9,E8DCD5
9F4D65,FDEFE9
9F4D65,D6C3B9
FDEFE9,D6C3B9
F9E7F4,FDFAF1
F9E7F4,D5C6BD
FDFAF1,D5C6BD
FFC9DD,FFFBEE
FFC9DD,D8DADB
FFFBEE,D8DADB
B73D3F,FFFCEC
B73D3F,C7B39E
FFFCEC,C7B39E
FFBBB4,FDFAF1
FFBBB4,D76968
FDFAF1,D76968
894C3B,FFFCEC
894C3B,D8C7B6
FFFCEC,D8C7B6
CC5160,FFFCEC
CC5160,C7B39E
FFFCEC,C7B39E
FFE6F1,ECE3E1
FFE6F1,DBD0CE
ECE3E1,DBD0CE
876B4B,F5E9D9
876B4B,D6C0A4
F5E9D9,D6C0A4
A4725A,EDE9DD
A4725A,C5C0AC
EDE9DD,C5C0AC
FFF47C,FFFFE8
FFF47C,D8CFC1
FFFFE8,D8CFC1
D1D5E7,F4F0E8
D1D5E7,D4CEBF
F4F0E8,D4CEBF
718B9A,F8F5E9
718B9A,CEBE9F
F8F5E9,CEBE9F
C8987E,E3E1CC
C8987E,A9B49A
E3E1CC,A9B49A
CFA14A,F6EBD7
CFA14A,BBB0B1
F6EBD7,BBB0B1
98BE3C,F5EFE8
98BE3C,C1B4A0
F5EFE8,C1B4A0
6B574A,F5ECE7
6B574A,D5C6BD
F5ECE7,D5C6BD
C5B9B4,ECE5E1
C5B9B4,A3B9CD
ECE5E1,A3B9CD
6F6665,FDFAF1
6F6665,CBC5C6
FDFAF1,CBC5C6
B3B5AF,F0EFEB
B3B5AF,637983
F0EFEB,637983
938A43,F7F6F1
938A43,BCC4BD
F7F6F1,BCC4BD
B9714A,FFF2E4
B9714A,FBD5BD
FFF2E4,FBD5BD
D2806C,FFF8E3
D2806C,C5B9B4
FFF8E3,C5B9B4
D5C757,ECEBE5
D5C757,D9DAD2
ECEBE5,D9DAD2
F6B96B,F1E4CB
F6B96B,C6C191
F1E4CB,C6C191
B3D157,FAF3E6
B3D157,E2D6BD
FAF3E6,E2D6BD
D26643,F4ECDB
D26643,DAB77F
F4ECDB,DAB77F
E2CD52,F3F0E8
E2CD52,D2CFC1
F3F0E8,D2CFC1
E6B4A6,EBE9D8
E6B4A6,E3D4B9
EBE9D8,E3D4B9
EBDBC1,F4ECDB
EBDBC1,B78D61
F4ECDB,B78D61
F8DCA3,FFF9E4
F8DCA3,BCC4BD
FFF9E4,BCC4BD
C3663F,F4F0E3
C3663F,BEAC90
F4F0E3,BEAC90
D4823C,F8F5E9
D4823C,CDB9A2
F8F5E9,CDB9A2
577396,E8EFF8
577396,BAB6A9
E8EFF8,BAB6A9
FFFCE3,FDFAF1
FFFCE3,F0DCA0
FDFAF1,F0DCA0
E8F7FD,F7F6F1
E8F7FD,D0DBD7
F7F6F1,D0DBD7
E7F0F7,FDFAF1
E7F0F7,E8DCD5
FDFAF1,E8DCD5
FBFBE5,FDFAF1
FBFBE5,E1DDBF
FDFAF1,E1DDBF
3B3F66,F0EFEB
3B3F66,AEADAD
F0EFEB,AEADAD
D0AB8C,FFE8E5
D0AB8C,DD9592
FFE8E5,DD9592
DDC5AA,FDFAF1
DDC5AA,B6C4BD
FDFAF1,B6C4BD
58714A,ECEBE5
58714A,CBCDC4
ECEBE5,CBCDC4
A1B841,FFFFEC
A1B841,CCBEAC
FFFFEC,CCBEAC
99B090,F4F0E1
99B090,D8CEB9
F4F0E1,D8CEB9
D8D7D3,FFFDF2
D8D7D3,F2CFE0
FFFDF2,F2CFE0
D1D0D1,F7F6F1
D6EAFC,FDFAF1
D6EAFC,E8DCD5
FDFAF1,E8DCD5
ECE3E1,FDFAF1
ECE3E1,C3B4B3
FDFAF1,C3B4B3
9D7AAC,FFF9EC
9D7AAC,CDB9A2
FFF9EC,CDB9A2
6FC288,F5EFE8
6FC288,C1B4A0
F5EFE8,C1B4A0
777872,F0EFEB
777872,90B1AE
F0EFEB,90B1AE
E0F6FB,FFFBF0
E0F6FB,EEE2D5
FFFBF0,EEE2D5
3C4378,FAF7F0
3C4378,D6C0A4
FAF7F0,D6C0A4
9E8779,F9F2E7
9E8779,DDDCBF
F9F2E7,DDDCBF
DDCDB3,FDFAF1
DDCDB3,B6C4BD
FDFAF1,B6C4BD
9FA36C,F5E9D9
9FA36C,D6C0A4
F5E9D9,D6C0A4
736354,F5EFE8
736354,C1B4A0
F5EFE8,C1B4A0
766A5F,F6EFE1
766A5F,A49688
F6EFE1,A49688
917A56,FDFAF1
917A56,D6C5A9
FDFAF1,D6C5A9
FFF2D7,F7F6F1
FFF2D7,F3D5A1
F7F6F1,F3D5A1
D48C46,E3DAC6
D48C46,C6B788
E3DAC6,C6B788
E6E5E4,F7F6F1
E6E5E4,B9BABA
F7F6F1,B9BABA
D9DFE0,FDFAF1
D9DFE0,AEB9BC
FDFAF1,AEB9BC
E1E3E4,F7F6F1
E1E3E4,BBBFC3
F7F6F1,BBBFC3
E6994C,F5EFE8
E6994C,C1B4A0
F5EFE8,C1B4A0
B49375,FFFDF2
B49375,E1CBB6
FFFDF2,E1CBB6
695A82,F4F0E8
695A82,BBB3A2
F4F0E8,BBB3A2
FFCC13,FDFAF1
FFCC13,D6C5A9
FDFAF1,D6C5A9
F9EBC5,FDFAF1
F9EBC5,D5D8BC
FDFAF1,D5D8BC
FDFBF8,F7F6F1
FDFBF8,BFAA97
F7F6F1,BFAA97
E7E6ED,F7F6F1
E7E6ED,B8B8CB
F7F6F1,B8B8CB
DA9E38,F3F0E8
DA9E38,D2CFC1
F3F0E8,D2CFC1
C09078,FFF9EC
C09078,E8C8B8
FFF9EC,E8C8B8
945C54,D5CFBD
945C54,9DA693
D5CFBD,9DA693
F7C6B1,FFECE0
F7C6B1,D8CFC1
FFECE0,D8CFC1
C2B1A1,F7F6F1
C2B1A1,E9B679
F7F6F1,E9B679
FFC946,FFFEED
FFC946,D8C7B6
FFFEED,D8C7B6
72A7E1,FFFDF2
72A7E1,D2C6AE
FFFDF2,D2C6AE
F4C96C,E6E3D6
F4C96C,BAB6AB
E6E3D6,BAB6AB
DCECDC,FDFAF1
DCECDC,E7E2D6
FDFAF1,E7E2D6
F7EFDD,D6C5A9
F2F7FD,FDFAF1
F2F7FD,C7D7E0
FDFAF1,C7D7E0
FAF4D4,FDFAF1
FAF4D4,E5DA9F
FDFAF1,E5DA9F
F3E4D3,F0EFEB
F3E4D3,E2C4AF
F0EFEB,E2C4AF
F2F0E8,F7F6F1
F2F0E8,D0D1C1
F7F6F1,D0D1C1
FFFFE7,FDFAF1
FFFFE7,FFFBC1
FDFAF1,FFFBC1
FFF9D8,FDFAF1
FFF9D8,FBE3A1
FDFAF1,FBE3A1
9FB6C6,F4ECDB
9FB6C6,D8C095
F4ECDB,D8C095
FFFBD7,FDFAF1
FFFBD7,E3D2C0
FDFAF1,E3D2C0
978D71,F8F5E9
978D71,C5C0AC
F8F5E9,C5C0AC
494E4F,FDFAF1
494E4F,CFD5D7
FDFAF1,CFD5D7
B9BABA,FBF1DF
B9BABA,C8756D
FBF1DF,C8756D
726449,F0E8D9
726449,D2C6AE
F0E8D9,D2C6AE
8D6B4B,E2D8C2
8D6B4B,BCA380
E2D8C2,BCA380
FFF4F3,FDFAF1
FFF4F3,AE5883
FDFAF1,AE5883
DC9B68,F5ECDC
DC9B68,D6C5A9
F5ECDC,D6C5A9
A27C4F,E2D8C2
A27C4F,BCA380
E2D8C2,BCA380
3E6F87,FAF3E6
3E6F87,CEBE9F
FAF3E6,CEBE9F
FFF1D8,F7F6F1
FFF1D8,EDD2A3
F7F6F1,EDD2A3
F2E0C5,FFFBF0
F2E0C5,D1D8D6
FFFBF0,D1D8D6
E8DBC5,F5ECDC
E8DBC5,C6A499
F5ECDC,C6A499
FFFCD3,FFFCEC
FFFCD3,E6E3D8
FFFCEC,E6E3D8
FFE8BD,FFF8E1
FFE8BD,DCD8C7
FFF8E1,DCD8C7
F9EEDC,F7F6F1
F9EEDC,E1CEAD
F7F6F1,E1CEAD
FFF2C2,FFF9E4
FFF2C2,EDECD7
FFF9E4,EDECD7
C8F3CD,FAF3E6
C8F3CD,E2D6BD
FAF3E6,E2D6BD
FCD2DF,FFFCEC
FCD2DF,E2D6BD
FFFCEC,E2D6BD
EBDAB5,EBE2CF
EBDAB5,A9B9B5
EBE2CF,A9B9B5
DBD7C4,F0EFEB
DBD7C4,E3D4B9
F0EFEB,E3D4B9
B4BCBF,FFFDF2
B4BCBF,E5A192
FFFDF2,E5A192
9F2D47,ECEBE5
9F2D47,AFB2A7
ECEBE5,AFB2A7
4F9785,FFFDF2
4F9785,CEBE9F
FFFDF2,CEBE9F
E9E2D7,FDFAF1
E9E2D7,FFE9E1
FDFAF1,FFE9E1
898E58,F5EFE8
898E58,C1B4A0
F5EFE8,C1B4A0
D6D69B,F5EFE8
D6D69B,D8CFC1
F5EFE8,D8CFC1
EDD2A3,FFFDF2
EDD2A3,DDDCBF
FFFDF2,DDDCBF
FFF0C1,FFF9E4
FFF0C1,D5D8BC
FFF9E4,D5D8BC
D15B9B,EDE2E0
D15B9B,CDBDBA
EDE2E0,CDBDBA
FFEDD5,FFFBF0
FFEDD5,FFDCD2
FFFBF0,FFDCD2
BCAA9F,E8DCD5
BCAA9F,753A58
E8DCD5,753A58
EFEEEF,AEB5C7
F4E9EA,F7F6F1
F4E9EA,D4C0C5
F7F6F1,D4C0C5
E1E6F2,FFF9EC
E1E6F2,DCD3CE
FFF9EC,DCD3CE
E7E2D6,F7F6F1
E7E2D6,BBB3A2
F7F6F1,BBB3A2
B1E2EE,FFFBF0
B1E2EE,FEE8D6
FFFBF0,FEE8D6
F1FDE9,F4F0E8
F1FDE9,E7E2D6
F4F0E8,E7E2D6
927247,FAEEDB
927247,E3CBA8
FAEEDB,E3CBA8
E5867B,FFFBEE
E5867B,B87A59
FFFBEE,B87A59
F3F3E6,FDFAF1
F3F3E6,B1CFC7
FDFAF1,B1CFC7
EE6B8B,F6EBD7
EE6B8B,C2B1A1
F6EBD7,C2B1A1
FBF1DF,D6C5A9
FCE974,FDFAF1
FCE974,C1B4A0
FDFAF1,C1B4A0
CBC5C6,FFF9EC
CBC5C6,AEB9BC
FFF9EC,AEB9BC
959486,DCD3BC
959486,D8C095
DCD3BC,D8C095
353F51,EBE9D8
353F51,BCA380
EBE9D8,BCA380
838254,F5E9D9
838254,D6C0A4
F5E9D9,D6C0A4
5F4947,F4E9EA
5F4947,D4C0C5
F4E9EA,D4C0C5
3E3F41,FDFAF1
3E3F41,BCAA9F
FDFAF1,BCAA9F
6A7F7D,FDFAF1
6A7F7D,E1CBB6
FDFAF1,E1CBB6
606865,F2EDEC
606865,D2C6AE
F2EDEC,D2C6AE
734A45,F7E5E6
734A45,CBCDC4
F7E5E6,CBCDC4
AC8760,CCBEAC
AC8760,B6C4BD
CCBEAC,B6C4BD
455559,F5EFE8
455559,C1B4A0
F5EFE8,C1B4A0
CCAC86,EBE2CF
CCAC86,A27C4F
EBE2CF,A27C4F
58936D,F0EFEB
58936D,B8A88A
F0EFEB,B8A88A
FFF9EC,F3E5CB
F4F0E1,BCA380
FFF8DA,F7F6F1
FFF8DA,FFDE9C
F7F6F1,FFDE9C
E0E8DB,FFFBF0
E0E8DB,F3E5CB
FFFBF0,F3E5CB
D5D7D9,E6E9F9
D5D7D9,7B85C6
E6E9F9,7B85C6
89978E,EBE9D8
89978E,BEA781
EBE9D8,BEA781
6F5749,F5EAE3
6F5749,D6C3B9
F5EAE3,D6C3B9
C973A2,ECEBE5
C973A2,CBCDC4
ECEBE5,CBCDC4
DA7C55,F0E8D9
DA7C55,D2C6AE
F0E8D9,D2C6AE
8F423D,FDFAF1
8F423D,D5C6BD
FDFAF1,D5C6BD
CB5251,FAF7F0
CB5251,D8CFC1
FAF7F0,D8CFC1
53665A,E9F1EC
53665A,BFD1C9
E9F1EC,BFD1C9
2B888D,FBF1DF
2B888D,D2C6AE
FBF1DF,D2C6AE
96466A,FFF4F3
96466A,E5C1A7
FFF4F3,E5C1A7
494C59,FFFDEB
494C59,D6BA9B
FFFDEB,D6BA9B
2A4B5F,FDFAF1
2A4B5F,D2C6AE
FDFAF1,D2C6AE
254A47,F4F0E8
254A47,D4CEBF
F4F0E8,D4CEBF
424F5F,F7F6F1
424F5F,D5C7B3
F7F6F1,D5C7B3
1D4E8F,F5E9D9
1D4E8F,D6C0A4
F5E9D9,D6C0A4
444D56,FFFCEC
444D56,D2C6AE
FFFCEC,D2C6AE
FFEFDD,F7F6F1
FFEFDD,F8CDAA
F7F6F1,F8CDAA
FFEBD1,F4F1EB
FFEBD1,E7E3DB
F4F1EB,E7E3DB
7D775D,EDE9DD
7D775D,C5C0AC
EDE9DD,C5C0AC
7F97B5,FFF9EC
7F97B5,CDB9A2
FFF9EC,CDB9A2
FFF0DF,FDFAF1
FFF0DF,E9D3BA
FDFAF1,E9D3BA
C6B183,F7F6F1
C6B183,ECE0C4
F7F6F1,ECE0C4
B8A487,F7F6F1
B8A487,763B42
F7F6F1,763B42
FEF5DB,F7F6F1
FEF5DB,EFDBA7
F7F6F1,EFDBA7
E8D2D6,F5EFE8
E8D2D6,D8CFC1
F5EFE8,D8CFC1
D5C6BD,F7F6F1
D5C6BD,F5ECE7
F7F6F1,F5ECE7
90926F,E3DAC6
90926F,C0B28E
E3DAC6,C0B28E
C66B30,F0E8D9
C66B30,D2C6AE
F0E8D9,D2C6AE
F9F0E1,F7F6F1
F9F0E1,D8CFC1
F7F6F1,D8CFC1
D5C7B3,F4F0E3
D5C7B3,8BA8AE
F4F0E3,8BA8AE
E7BF7B,FFF8E3
E7BF7B,E1DDBF
FFF8E3,E1DDBF
CEE3DC,F7F6F1
CEE3DC,CEBE9F
F7F6F1,CEBE9F
FAF7E2,FDFAF1
FAF7E2,DBD4AB
FDFAF1,DBD4AB
E2CA73,F7F6F1
E2CA73,FCF0C2
F7F6F1,FCF0C2
A2A57B,F3F5E9
A2A57B,D8C7B6
F3F5E9,D8C7B6
67744A,F0E8D9
67744A,D2C6AE
F0E8D9,D2C6AE
FFAD98,F7F6F1
FFAD98,E7E3DB
F7F6F1,E7E3DB
E5EAE6,F7F6F1
E5EAE6,D1DAD5
F7F6F1,D1DAD5
DFE4DA,EEF1EA
DFE4DA,F3E5CB
EEF1EA,F3E5CB
F1F8FA,F7F6F1
F1F8FA,C7D7E0
F7F6F1,C7D7E0
E1EFDD,F5EFE8
E1EFDD,E9E2D7
F5EFE8,E9E2D7
3C4D85,FFF8EE
3C4D85,D6C5A9
FFF8EE,D6C5A9
B1D3E3,F5EAE3
B1D3E3,D6C3B9
F5EAE3,D6C3B9
FFF2E4,F7F6F1
FFF2E4,FBD5BD
F7F6F1,FBD5BD
FAEAE2,FDFAF1
FAEAE2,BCAA9F
FDFAF1,BCAA9F
C7C7C2,ECEBE5
C7C7C2,C7BDA8
ECEBE5,C7BDA8
D5CFBD,ECEBE5
D5CFBD,B3B5AF
ECEBE5,B3B5AF
F4F2EA,FDFAF1
F4F2EA,B5B8A8
FDFAF1,B5B8A8
CCAF92,F9EDE2
CCAF92,8F9183
F9EDE2,8F9183
326AB1,F7F6F1
326AB1,BEAC90
F7F6F1,BEAC90
FFF9E7,F7F6F1
FFF9E7,FFD29D
F7F6F1,FFD29D
635A4F,F4ECDB
635A4F,E0B695
F4ECDB,E0B695
819AB1,FFFEED
819AB1,BFAA97
FFFEED,BFAA97
5DA99F,FFFBF0
5DA99F,D6BA9B
FFFBF0,D6BA9B
6C7179,F8F5E9
6C7179,CCBEAC
F8F5E9,CCBEAC
FFD29D,F9F0E1
FFD29D,BCC4BD
F9F0E1,BCC4BD
FFB48A,FFF7ED
FFB48A,D8CFC1
FFF7ED,D8CFC1
D7E6EE,FDFAF1
D7E6EE,FEE8D6
FDFAF1,FEE8D6
C1D1E2,FFFBF0
C1D1E2,E3D2C0
FFFBF0,E3D2C0
7B7D69,FAF7F0
7B7D69,D0D2C5
FAF7F0,D0D2C5
BEB4A8,FDFAF1
BEB4A8,E1DDBF
FDFAF1,E1DDBF
61736F,E5DFCD
61736F,B8A88A
E5DFCD,B8A88A
A67A45,F7EFDE
A67A45,B6C4BD
F7EFDE,B6C4BD
F6F4EF,FDFAF1
F6F4EF,D2D2DF
FDFAF1,D2D2DF
D8C7B6,F5EBE1
D8C7B6,BFD1C9
F5EBE1,BFD1C9
EFDFCF,FDFAF1
EFDFCF,DCD8C7
FDFAF1,DCD8C7
DBD4AB,FFFDF2
DBD4AB,D6C0A4
FFFDF2,D6C0A4
FBE3A1,FBF4E8
FBE3A1,BFD1C9
FBF4E8,BFD1C9
EEE9F9,F7F6F1
EEE9F9,C4C0E9
F7F6F1,C4C0E9
EDECD7,FAF7F0
EDECD7,E8DBC5
FAF7F0,E8DBC5
DD9592,FDEFE9
DD9592,D5C6BD
FDEFE9,D5C6BD
97A2A0,E5E8E6
97A2A0,D1D8D6
E5E8E6,D1D8D6
CDB1AB,FFF8EE
CDB1AB,AEB5C7
FFF8EE,AEB5C7
D4CBCC,FFFAE5
D4CBCC,E2C681
FFFAE5,E2C681
466B82,E2D8C2
466B82,C0B28E
E2D8C2,C0B28E
416659,EBE6D7
416659,BCA380
EBE6D7,BCA380
FFE5ED,FDFAF1
FFE5ED,F2B8CA
FDFAF1,F2B8CA
B9BE82,FFF9EC
B9BE82,D8C7B6
FFF9EC,D8C7B6
FDF3E4,D4CEBF
B0EEE2,F3F4F4
B0EEE2,D8CFC1
F3F4F4,D8CFC1
8FC1D2,FFFDF2
8FC1D2,E3D2C0
FFFDF2,E3D2C0
A9A482,F4ECDB
A9A482,D8C095
F4ECDB,D8C095
9EB1AE,EBE6D7
9EB1AE,E3D4B9
EBE6D7,E3D4B9
80987A,DCD3BC
80987A,B9B297
DCD3BC,B9B297
8C6E67,FFFBF0
8C6E67,DDC9C6
FFFBF0,DDC9C6
677F70,F7F6F1
677F70,D8C7B6
F7F6F1,D8C7B6
D5CDB4,F4F0E1
D5CDB4,A9B49A
F4F0E1,A9B49A
95863C,FAF4D4
95863C,E5DA9F
FAF4D4,E5DA9F
54585E,FAF7F0
54585E,B6C4BD
FAF7F0,B6C4BD
FDEA9F,F5EFE8
FDEA9F,E9E2D7
F5EFE8,E9E2D7
BEAC90,F4F0E3
BEAC90,E8DECE
F4F0E3,E8DECE
FFD100,FDFAF1
FFD100,CDB9A2
FDFAF1,CDB9A2
969783,FAF7F0
969783,D0D2C5
FAF7F0,D0D2C5
D4C0C5,FDFAF1
D4C0C5,F3E5CB
FDFAF1,F3E5CB
007A5E,FDFAF1
007A5E,BBB3A2
FDFAF1,BBB3A2
578758,F4F0E8
578758,BBB3A2
F4F0E8,BBB3A2
007B75,F4F1EB
007B75,D4D0C5
F4F1EB,D4D0C5
D0C5BE,ECEBE5
D0C5BE,BAB4A6
ECEBE5,BAB4A6
79837F,FDFAF1
79837F,D1D8D6
FDFAF1,D1D8D6
315955,F9EDE2
315955,E1CBB6
F9EDE2,E1CBB6
7886AA,F1E5D7
7886AA,CDB9A2
F1E5D7,CDB9A2
30525B,FDFAF1
30525B,D6C0A4
FDFAF1,D6C0A4
CEE1C8,FFF9EC
CEE1C8,E2D6BD
FFF9EC,E2D6BD
FF9532,F4F0E8
FF9532,D4CEBF
F4F0E8,D4CEBF
606256,F4E9EA
606256,BAA3A9
F4E9EA,BAA3A9
68846A,F5EFE8
68846A,C1B4A0
F5EFE8,C1B4A0
3C768A,FAF7F0
3C768A,D6C5A9
FAF7F0,D6C5A9
E9CFBB,FCF0E5
E9CFBB,E57059
FCF0E5,E57059
DDF3C2,F3F0E8
DDF3C2,D2CFC1
F3F0E8,D2CFC1
BEA781,E3DAC6
BEA781,90A58A
E3DAC6,90A58A
62696B,ECEBE5
62696B,AEADAD
ECEBE5,AEADAD
4F4744,F4F0E1
4F4744,CCAC86
F4F0E1,CCAC86
EFEDEE,FDFAF1
EFEDEE,BBB0B1
FDFAF1,BBB0B1
7D6848,F5ECDC
7D6848,D6C5A9
F5ECDC,D6C5A9
B2AA7A,F7F6F1
B2AA7A,E3D2C0
F7F6F1,E3D2C0
EAF2F1,F7F6F1
EAF2F1,CADCDE
F7F6F1,CADCDE
656470,F4F0E1
656470,D0C5BE
F4F0E1,D0C5BE
0E695F,E6E3D6
0E695F,A5A495
E6E3D6,A5A495
E2D8C3,FDFAF1
E2D8C3,BCAB8C
FDFAF1,BCAB8C
58516E,ECEBE5
58516E,AFB2A7
ECEBE5,AFB2A7
D198B5,F8F5E9
D198B5,D5D7D9
F8F5E9,D5D7D9
E1A0CF,FDFAF1
E1A0CF,E2D5D3
FDFAF1,E2D5D3
F0622F,F7F6F1
F0622F,D4CEBF
F7F6F1,D4CEBF
676965,ECEBE5
676965,B3B5AF
ECEBE5,B3B5AF
EAE8E4,FDFAF1
EAE8E4,CBCDC4
FDFAF1,CBCDC4
5DBDCB,F7F6F1
5DBDCB,D8CFC1
F7F6F1,D8CFC1
F5E4DE,FFF9EC
F5E4DE,DEC1B8
FFF9EC,DEC1B8
B2EED3,FFFBF0
B2EED3,D2C6AE
FFFBF0,D2C6AE
93977F,FAF3E6
93977F,CEBE9F
FAF3E6,CEBE9F
9D9C7E,F7F6F1
9D9C7E,D1D2BF
F7F6F1,D1D2BF
FFE8F4,FDFAF1
FFE8F4,D8CFC1
FDFAF1,D8CFC1
FFEBF2,FDFAF1
FFEBF2,E3D2C0
FDFAF1,E3D2C0
FACFCC,FDFAF1
FACFCC,D8CFC1
FDFAF1,D8CFC1
C28359,FFFBF0
C28359,B3AB98
FFFBF0,B3AB98
A78A59,FBF1DF
A78A59,E5D2B0
FBF1DF,E5D2B0
8E8583,FDF3E4
8E8583,F1D5AE
FDF3E4,F1D5AE
C2D7DF,FFFDF2
C2D7DF,D2C6AE
FFFDF2,D2C6AE
A7B191,F4F0E1
A7B191,CBB68F
F4F0E1,CBB68F
8980C1,EEE9F9
8980C1,D2C6AE
EEE9F9,D2C6AE
D3A5D6,F5EBE1
D3A5D6,D8C7B6
F5EBE1,D8C7B6
398467,FFFBEE
398467,B6B5B8
FFFBEE,B6B5B8
C5E6A4,FFFDF2
C5E6A4,E7E3DB
FFFDF2,E7E3DB
DEB699,FBF1DF
DEB699,753A58
FBF1DF,753A58
E26058,F0EFEB
E26058,A9B9B5
F0EFEB,A9B9B5
F96D7B,ECEBEA
F96D7B,C6C6C6
ECEBEA,C6C6C6
B7386E,F4F0E8
B7386E,BBB3A2
F4F0E8,BBB3A2
6FC0B1,E2D8C2
6FC0B1,BEA781
E2D8C2,BEA781
D0B064,FDFAF1
D0B064,C5C0AC
FDFAF1,C5C0AC
D8CFC1,F5EFE8
D8CFC1,F1BFE2
F5EFE8,F1BFE2
FAF5C3,FDFAF1
FAF5C3,E2D8C3
FDFAF1,E2D8C3
F1D5AE,FDFAF1
F1D5AE,8E5E5E
FDFAF1,8E5E5E
F1E5D7,FDFAF1
F1E5D7,CDB9A2
FDFAF1,CDB9A2
FFF3A1,F6EBD7
FFF3A1,E0E8DB
F6EBD7,E0E8DB
FCD8DC,F9F2E7
FCD8DC,E2D6BD
F9F2E7,E2D6BD
F4E5E7,FDFAF1
F4E5E7,BA99A2
FDFAF1,BA99A2
FFE6E2,FFFBF0
FFE6E2,FCE5BF
FFFBF0,FCE5BF
E7D6ED,F8F5E9
E7D6ED,EFE0C6
F8F5E9,EFE0C6
CF758A,F5EAE3
CF758A,D6C3B9
F5EAE3,D6C3B9
B87592,FFF4F3
B87592,D8CFC1
FFF4F3,D8CFC1
E8EFF8,FDFAF1
E8EFF8,C1B4A0
FDFAF1,C1B4A0
D8E4DE,FDFAF1
D8E4DE,E3D2C0
FDFAF1,E3D2C0
9A9E88,EBE6D7
9A9E88,C7BDA8
EBE6D7,C7BDA8
D28239,F0E8D9
D28239,D2C6AE
F0E8D9,D2C6AE
F8BDD9,FFF9E4
F8BDD9,FFE8C7
FFF9E4,FFE8C7
FFAA00,F4F0E3
FFAA00,E8DECE
F4F0E3,E8DECE
D2D8F4,FDF9EF
D2D8F4,EEE2D5
FDF9EF,EEE2D5
FBECC9,FFF9E4
FBECC9,E2D5D3
FFF9E4,E2D5D3
F7E6C6,FFF9E4
F7E6C6,CEE3DC
FFF9E4,CEE3DC
C6A668,F4F0E8
C6A668,D4CEBF
F4F0E8,D4CEBF
FFF1DC,FDFAF1
FFF1DC,FFD2A9
FDFAF1,FFD2A9
BBB3A2,F4F0E8
BBB3A2,E7E2D6
F4F0E8,E7E2D6
E9D8C2,E4EBE7
E9D8C2,B6C5C1
E4EBE7,B6C5C1
CCC7A1,FFFBF0
CCC7A1,D2C6AE
FFFBF0,D2C6AE
A54049,F1E6CC
A54049,CBB68F
F1E6CC,CBB68F
B9B297,F4F0E1
B9B297,D8C095
F4F0E1,D8C095
D9E8C9,FFF9EC
D9E8C9,E9D8C2
FFF9EC,E9D8C2
B5D5B0,FFFBF0
B5D5B0,E1CEAD
FFFBF0,E1CEAD
E1D8B8,F4ECDB
E1D8B8,D26643
F4ECDB,D26643
BDC233,FFFFE9
BDC233,D2C6AE
FFFFE9,D2C6AE
C8DAF5,FDFAF1
C8DAF5,E1CBB6
FDFAF1,E1CBB6
FEF9D3,F8F5E9
FEF9D3,F3EBA5
F8F5E9,F3EBA5
EEF0E7,FDFAF1
EEF0E7,D4D0C5
FDFAF1,D4D0C5
E7E3DB,FDF9EF
E7E3DB,FFC3BF
FDF9EF,FFC3BF
C0C3C4,EAEAEA
C0C3C4,A53B3D
EAEAEA,A53B3D
95B388,FDFAF1
95B388,D5C7B3
FDFAF1,D5C7B3
684141,E3DAC6
684141,939789
E3DAC6,939789
88BB95,FDFAF1
88BB95,D2C6AE
FDFAF1,D2C6AE
708D6C,EAF3E6
708D6C,C6DCC7
EAF3E6,C6DCC7
FFD9D6,F4F0E8
FFD9D6,D4CEBF
F4F0E8,D4CEBF
97969A,FDFAF1
97969A,F1D5AE
FDFAF1,F1D5AE
DAA436,FBF1DF
DAA436,B7C0BE
FBF1DF,B7C0BE
F4F1EB,F7F6F1
F4F1EB,D4D0C5
F7F6F1,D4D0C5
9CD4CF,FDFAF1
9CD4CF,E6E3D8
FDFAF1,E6E3D8
738F5D,F5EFE8
738F5D,C1B4A0
F5EFE8,C1B4A0
BC896E,F6EEDF
BC896E,E5D0B0
F6EEDF,E5D0B0
EFF2DB,F5EFE8
EFF2DB,E9E2D7
F5EFE8,E9E2D7
F1E7DB,F7F6F1
F1E7DB,B3AB98
F7F6F1,B3AB98
FFD7A5,F5EFE8
FFD7A5,D8CFC1
F5EFE8,D8CFC1
7C8447,F4F0E3
7C8447,D5C7B3
F4F0E3,D5C7B3
F8D7BE,FFF7E7
F8D7BE,AFA8A9
FFF7E7,AFA8A9
FF9C68,F7F6F1
FF9C68,DCD8C7
F7F6F1,DCD8C7
91CB7D,FDFAF1
91CB7D,DCD8C7
FDFAF1,DCD8C7
4F467E,F4F1EB
4F467E,BAB6A9
F4F1EB,BAB6A9
F0F7C4,FFFFEC
F0F7C4,D8CFC1
FFFFEC,D8CFC1
F6EFC5,F7F6F1
F6EFC5,F9BC7D
F7F6F1,F9BC7D
F3D64F,F4F1EB
F3D64F,D4D0C5
F4F1EB,D4D0C5
F6EFE1,F3E4D3
F6EFE1,D2A694
F3E4D3,D2A694
91A085,F4F0E8
91A085,D4CEBF
F4F0E8,D4CEBF
AEBDA8,FDFAF1
AEBDA8,D9DAD2
FDFAF1,D9DAD2
C6E3F7,FFFBF0
C6E3F7,EEE2D5
FFFBF0,EEE2D5
DDB994,FDF3E4
DDB994,D78A6C
FDF3E4,D78A6C
7B7F56,F8F5E9
7B7F56,D2C6AE
F8F5E9,D2C6AE
BCA59A,F5EAE3
BCA59A,E8DAD1
F5EAE3,E8DAD1
ECEBE5,FDFAF1
ECEBE5,CBCDC4
FDFAF1,CBCDC4
E2F7D9,F4F1EB
E2F7D9,E7E3DB
F4F1EB,E7E3DB
FFFBEE,DCD8C7
D1F0F6,FFFBF0
D1F0F6,FEE8D6
FFFBF0,FEE8D6
CCEBF5,F7F6F1
CCEBF5,83C7DF
F7F6F1,83C7DF
DEE1E9,FDFAF1
DEE1E9,AEB5C7
FDFAF1,AEB5C7
E2F7F1,FDFAF1
E2F7F1,E2D8C3
FDFAF1,E2D8C3
7B9CB3,FFFEED
7B9CB3,D2C6AE
FFFEED,D2C6AE
A3BFCB,FDFAF1
A3BFCB,CEBE9F
FDFAF1,CEBE9F
56ACCA,F7F6F1
56ACCA,CDB9A2
F7F6F1,CDB9A2
E47CB8,FDFAF1
E47CB8,C1B4A0
FDFAF1,C1B4A0
FFEA70,FFFCEC
FFEA70,D0D1C1
FFFCEC,D0D1C1
E8DAD1,FDFAF1
E8DAD1,BCA59A
FDFAF1,BCA59A
E8C8B8,FFF8E3
E8C8B8,AECAC8
FFF8E3,AECAC8
95A7A4,FDFAF1
95A7A4,D0DBD7
FDFAF1,D0DBD7
F1F8EC,F7F6F1
F1F8EC,E3EFDD
F7F6F1,E3EFDD
7FA771,F2FAED
7FA771,D4CEBF
F2FAED,D4CEBF
E4E4D5,F2EDEC
E4E4D5,B9B79B
F2EDEC,B9B79B
D6EFDA,FFFBF0
D6EFDA,F6E3D3
FFFBF0,F6E3D3
BFD4C4,FAF7F0
BFD4C4,D8C7B6
FAF7F0,D8C7B6
FFFDF2,F7F6F1
FFFDF2,D4CEBF
F7F6F1,D4CEBF
ACBA8D,F4F0E3
ACBA8D,D5C7B3
F4F0E3,D5C7B3
763B42,F8F5E9
763B42,D4D0C5
F8F5E9,D4D0C5
EED683,EBE9D8
EED683,89978E
EBE9D8,89978E
9D913C,FCF7DB
9D913C,D5C3AD
FCF7DB,D5C3AD
698EB3,F4F0E1
698EB3,C7BDA8
F4F0E1,C7BDA8
FFF5BE,FDFAF1
FFF5BE,D8C7B6
FDFAF1,D8C7B6
B06144,F8F5E9
B06144,CCBEAC
F8F5E9,CCBEAC
D76968,F0E8D9
D76968,BCAB8C
F0E8D9,BCAB8C
1A9D49,FDFAF1
1A9D49,CEBE9F
FDFAF1,CEBE9F
DBD0CE,FAF7F0
DBD0CE,C5D1DA
FAF7F0,C5D1DA
BB8E55,FFFEED
BB8E55,F1D5AE
FFFEED,F1D5AE
F4DB4F,FFFBF0
F4DB4F,D0D1C1
FFFBF0,D0D1C1
CA884E,FFFBF0
CA884E,D2C5AE
FFFBF0,D2C5AE
CA994E,FFFDF2
CA994E,D0D2C5
FFFDF2,D0D2C5
FFD3CF,FFFBF0
FFD3CF,EFE0C6
FFFBF0,EFE0C6
EAF3E6,FDFAF1
EAF3E6,E1CEAD
FDFAF1,E1CEAD
B3D8E5,FDFAF1
B3D8E5,D5C6BD
FDFAF1,D5C6BD
FFFCEC,BBB3A2
CDD0C0,F7F6F1
CDD0C0,E9D8C2
F7F6F1,E9D8C2
FFDCCC,F9EDE2
FFDCCC,E1CBB6
F9EDE2,E1CBB6
ACB8C1,FFFCEC
ACB8C1,F6E6C5
FFFCEC,F6E6C5
A7D3B7,F1FBF1
A7D3B7,D8C7B6
F1FBF1,D8C7B6
FFF3F4,FFF8E3
FFF3F4,5F4947
FFF8E3,5F4947
F2EFDC,F7F6F1
F2EFDC,CCC7A1
F7F6F1,CCC7A1
AF413B,F7F6F1
AF413B,CBC5C6
F7F6F1,CBC5C6
008A7D,ECEBE5
008A7D,9CB3B5
ECEBE5,9CB3B5
CFB352,FDFAF1
CFB352,D4CEBF
FDFAF1,D4CEBF
F7E5A9,F7F6F1
F7E5A9,D1D2BF
F7F6F1,D1D2BF
E6BE59,FAF7F0
E6BE59,BBB3A2
FAF7F0,BBB3A2
F6CA69,FFF9EC
F6CA69,DACBA7
FFF9EC,DACBA7
D9C09C,F7F6F1
D9C09C,B6C5C1
F7F6F1,B6C5C1
FBE573,F7EFDD
FBE573,C1B4A0
F7EFDD,C1B4A0
9F8046,FDF2DB
9F8046,E9D4A9
FDF2DB,E9D4A9
BB993A,FAF3E6
BB993A,CEBE9F
FAF3E6,CEBE9F
FFEFCB,FFFBE8
FFEFCB,DFE4DA
FFFBE8,DFE4DA
F5BC1D,F4F0E8
F5BC1D,D4CEBF
F4F0E8,D4CEBF
FFDA68,FFFDF2
FFDA68,D2CFC1
FFFDF2,D2CFC1
F6DA74,FDFAF1
F6DA74,C2D7DF
FDFAF1,C2D7DF
F7C66B,FFFDEB
F7C66B,D8C7B6
FFFDEB,D8C7B6
B98841,EFEDEE
B98841,BBB0B1
EFEDEE,BBB0B1
FFFEC6,FFFFE8
FFFEC6,E2D8C3
FFFFE8,E2D8C3
E9CA94,EBE6D7
E9CA94,935444
EBE6D7,935444
FDCB18,F7F6F1
FDCB18,C5B5A4
F7F6F1,C5B5A4
5A9E4B,F4F1EB
5A9E4B,D4D0C5
F4F1EB,D4D0C5
46565F,F4F0E1
46565F,DCD3BC
F4F0E1,DCD3BC
A0A160,EBE2CF
A0A160,F1E4C8
EBE2CF,F1E4C8
E3CBA8,FAEEDB
E3CBA8,97A2A0
FAEEDB,97A2A0
ACB7A8,EEF1EA
ACB7A8,DFE4DA
EEF1EA,DFE4DA
C0A480,FCF7EB
C0A480,E9D8C2
FCF7EB,E9D8C2
D8C095,E2D8C2
D8C095,9D7147
E2D8C2,9D7147
534778,EAEAEA
534778,C0C3C4
EAEAEA,C0C3C4
857767,F6EFE1
857767,BCAB9C
F6EFE1,BCAB9C
C8D1C4,EEF1EA
C8D1C4,AC8674
EEF1EA,AC8674
F5CE9F,FDFAF1
F5CE9F,C7C7A1
FDFAF1,C7C7A1
A19ABD,FFF9EC
A19ABD,E5D2B0
FFF9EC,E5D2B0
7F779A,E9E4EF
7F779A,D5C6BD
E9E4EF,D5C6BD
9C9463,FDFAF1
9C9463,D4D0C5
FDFAF1,D4D0C5
F4DAF1,F5EFE8
F4DAF1,E9E2D7
F5EFE8,E9E2D7
58424C,EBE9D8
58424C,89978E
EBE9D8,89978E
B194A6,ECEBE5
B194A6,CECDC5
ECEBE5,CECDC5
656579,F5ECDC
656579,BFA984
F5ECDC,BFA984
C3C175,FFFCEC
C3C175,E9E8BB
FFFCEC,E9E8BB
F4F7EE,F7F6F1
F4F7EE,E0E8DB
F7F6F1,E0E8DB
8D9A9E,FFFBF0
8D9A9E,CCBEAC
FFFBF0,CCBEAC
707C78,ECEBE5
707C78,CECDC5
ECEBE5,CECDC5
C3C0BB,EAEFE5
C3C0BB,CAD6C4
EAEFE5,CAD6C4
9CA0A6,F7F6F1
9CA0A6,D5D7D9
F7F6F1,D5D7D9
E5E8E6,FDFAF1
E5E8E6,B7C0BE
FDFAF1,B7C0BE
566E57,F4F0E8
566E57,BBB3A2
F4F0E8,BBB3A2
676957,F7F6F1
676957,D0D2C5
F7F6F1,D0D2C5
E3E1CC,F0EFEB
E3E1CC,C6C191
F0EFEB,C6C191
CAD6C4,F5E9D9
CAD6C4,D6C0A4
F5E9D9,D6C0A4
D7E2D5,FDFAF1
D7E2D5,EEE2D5
FDFAF1,EEE2D5
858365,F2F1E6
858365,D1D2BF
F2F1E6,D1D2BF
E8E8D4,F7F6F1
E8E8D4,D1D2BF
F7F6F1,D1D2BF
5EAB81,F0EFEB
5EAB81,CBB68F
F0EFEB,CBB68F
495A4C,F1E4CB
495A4C,D8C095
F1E4CB,D8C095
D7E7CD,FDFAF1
D7E7CD,D8CFC1
FDFAF1,D8CFC1
737D6A,FDFAF1
737D6A,C8D1C4
FDFAF1,C8D1C4
6CA178,ECEBEA
6CA178,C6C6C6
ECEBEA,C6C6C6
FEE9DA,FFFBF0
FEE9DA,E6B99F
FFFBF0,E6B99F
62B4C0,FDFAF1
62B4C0,E5D2B0
FDFAF1,E5D2B0
DE96C1,FFF4F3
DE96C1,BFC9D0
FFF4F3,BFC9D0
DCD3BC,F0EFEB
DCD3BC,ECD0A1
F0EFEB,ECD0A1
878573,E5DFCD
878573,C0B28E
E5DFCD,C0B28E
E2C4AF,F3E4D3
E2C4AF,C8987E
F3E4D3,C8987E
D0D1E1,F7F1E2
D0D1E1,D4CEBF
F7F1E2,D4CEBF
CDA894,F4ECDB
CDA894,B3B5AF
F4ECDB,B3B5AF
8A99A4,FFFBF0
8A99A4,D8C7B6
FFFBF0,D8C7B6
A87678,FFFBF0
A87678,D8C7B6
FFFBF0,D8C7B6
BFA984,F5ECDC
BFA984,BFD4C4
F5ECDC,BFD4C4
B67A63,E3E1CC
B67A63,C0B28E
E3E1CC,C0B28E
E0E9F3,FDFAF1
E0E9F3,A2B7CF
FDFAF1,A2B7CF
778071,E6E3D6
778071,E3D4B9
E6E3D6,E3D4B9
9A5F3F,E3DAC6
9A5F3F,939789
E3DAC6,939789
CF875F,F3F0E8
CF875F,B9B5A4
F3F0E8,B9B5A4
DACD81,FCF7DB
DACD81,D5C7B3
FCF7DB,D5C7B3
D4AC99,FDFAF1
D4AC99,F5DED1
FDFAF1,F5DED1
CFAC47,F4F1EB
CFAC47,BAB6A9
F4F1EB,BAB6A9
B7C0BE,FAEEDB
B7C0BE,E3CBA8
FAEEDB,E3CBA8
B29E9D,EDE2E0
B29E9D,E2D5D3
EDE2E0,E2D5D3
FFF3D5,FDFAF1
FFF3D5,E7E3DB
FDFAF1,E7E3DB
F2F1DC,F7F6F1
F2F1DC,E2E5C7
F7F6F1,E2E5C7
F0DCA0,FFF6D7
F0DCA0,6C6556
FFF6D7,6C6556
B7BDD6,E5E8F2
B7BDD6,D4D0C5
E5E8F2,D4D0C5
9D7F4C,E2D8C2
9D7F4C,BEA781
E2D8C2,BEA781
CB3D3C,EBE9D8
CB3D3C,DDCAAF
EBE9D8,DDCAAF
FFADC9,FDFAF1
FFADC9,EFDFCF
FDFAF1,EFDFCF
A17135,FFFFE9
A17135,F0DCA0
FFFFE9,F0DCA0
D6CFBF,F1E7DB
D6CFBF,ADC5C9
F1E7DB,ADC5C9
D182A0,ECE3E1
D182A0,DBD0CE
ECE3E1,DBD0CE
DCD8D4,F7F6F1
DCD8D4,F9D7EE
F7F6F1,F9D7EE
E9F3E1,FDFAF1
E9F3E1,BFD5B3
FDFAF1,BFD5B3
F9FEE9,F7F6F1
F9FEE9,EDFAD9
F7F6F1,EDFAD9
90B1AE,F0EFEB
90B1AE,BAB6AB
F0EFEB,BAB6AB
AB8274,FAF7F0
AB8274,EED9D1
FAF7F0,EED9D1
7C6E6D,E6E0E0
7C6E6D,D4CBCC
E6E0E0,D4CBCC
B7A28E,FFF9E4
B7A28E,E9E1A7
FFF9E4,E9E1A7
4F5A51,F7F6F1
4F5A51,D1DAD5
F7F6F1,D1DAD5
C5D2B1,F5EFE8
C5D2B1,D8CFC1
F5EFE8,D8CFC1
CFB999,F7EFDD
CFB999,979FBF
F7EFDD,979FBF
DFC16D,FFF9EC
DFC16D,CEBE9F
FFF9EC,CEBE9F
FFE536,F7F6F1
FFE536,CCBEAC
F7F6F1,CCBEAC
FFFDDD,FDFAF1
FFFDDD,EFF19D
FDFAF1,EFF19D
616C51,EBE6D7
616C51,BEA781
EBE6D7,BEA781
EBE6D7,F0EFEB
EBE6D7,D8CEB9
F0EFEB,D8CEB9
355D51,FDFAF1
355D51,D5C3AD
FDFAF1,D5C3AD
B7737D,D2CDBC
B7737D,ACBDB1
D2CDBC,ACBDB1
ECD8B1,F4ECDB
ECD8B1,B94C66
F4ECDB,B94C66
F2D082,ECEBE5
F2D082,BAB6AB
ECEBE5,BAB6AB
F7EEDB,FDFAF1
F7EEDB,DACBA7
FDFAF1,DACBA7
AC8674,FFF9E4
AC8674,DDC3B7
FFF9E4,DDC3B7
986E6E,DBD7C4
986E6E,B19C8F
DBD7C4,B19C8F
D39F5F,F0EFEB
D39F5F,9EB1AE
F0EFEB,9EB1AE
E8B447,F7EFDD
E8B447,CCBEAC
F7EFDD,CCBEAC
E8B447,F7EFDD
E8B447,CCBEAC
F7EFDD,CCBEAC
DCB149,F3EDDE
DCB149,D4CEBF
F3EDDE,D4CEBF
F1DDA2,F4ECDB
F1DDA2,E9786E
F4ECDB,E9786E
875942,FFF8EE
875942,DEB699
FFF8EE,DEB699
BC3033,F0E8D9
BC3033,D2C6AE
F0E8D9,D2C6AE
F9B82B,F6ECD6
F9B82B,C1B4A0
F6ECD6,C1B4A0
C6A698,FAF0DB
C6A698,EEDAD1
FAF0DB,EEDAD1
96A782,EBE6D7
96A782,B9B297
EBE6D7,B9B297
46554C,E3DAC6
46554C,BEA781
E3DAC6,BEA781
EBEEE8,F7F6F1
EBEEE8,00748E
F7F6F1,00748E
D5EDFB,F7F6F1
D5EDFB,E9E2D7
F7F6F1,E9E2D7
D2EAF1,F7F6F1
D2EAF1,E9E2D7
F7F6F1,E9E2D7
DCECF5,FDFAF1
DCECF5,99C1DC
FDFAF1,99C1DC
FFFFE9,FDFAF1
FFFFE9,FCF9BD
FDFAF1,FCF9BD
CAC7C4,FDFAF1
CAC7C4,AC3235
FDFAF1,AC3235
E2E4D7,FFF9EC
E2E4D7,EEE2D5
FFF9EC,EEE2D5
FFFBC1,F7F6F1
FFFBC1,E8DCD5
F7F6F1,E8DCD5
FBF9E1,F7F6F1
FBF9E1,ECE6C8
F7F6F1,ECE6C8
E2E2ED,F7F6F1
E2E2ED,B5B6CE
F7F6F1,B5B6CE
E6E9F9,F5EAE3
E6E9F9,E8DAD1
F5EAE3,E8DAD1
FDFCFA,F7F6F1
FDFCFA,577396
F7F6F1,577396
33746B,FAF3E6
33746B,CEBE9F
FAF3E6,CEBE9F
A3BC3A,FAF3E6
A3BC3A,CEBE9F
FAF3E6,CEBE9F
324680,FDFAF1
324680,BCAA9F
FDFAF1,BCAA9F
AEADAD,ECEBE5
AEADAD,EC9580
ECEBE5,EC9580
F0D5EA,FFF8EE
F0D5EA,E9F1EC
FFF8EE,E9F1EC
00608B,FDFCFA
00608B,CDB9A2
FDFCFA,CDB9A2
E0CFB5,FBF1DF
E0CFB5,A87678
FBF1DF,A87678
4FA183,FDFAF1
4FA183,D4D0C5
FDFAF1,D4D0C5
E3DAC6,EBE9D8
E3DAC6,A89887
EBE9D8,A89887
FF8D28,FDFAF1
FF8D28,D6C5A9
FDFAF1,D6C5A9
4D516C,FAF0DB
4D516C,B8A487
FAF0DB,B8A487
007F59,FDFAF1
007F59,D4CEBF
FDFAF1,D4CEBF
69905B,F2FAED
69905B,E9D3BA
F2FAED,E9D3BA
9DACB5,F7F6F1
9DACB5,D8C7B6
F7F6F1,D8C7B6
50676B,F5E9D9
50676B,D6C0A4
F5E9D9,D6C0A4
5D5B5B,FDFBF8
5D5B5B,D1D0D1
FDFBF8,D1D0D1
AF5B46,F8EEE3
AF5B46,BCAA9F
F8EEE3,BCAA9F
4D504B,F7F6F1
4D504B,B3AB98
F7F6F1,B3AB98
6A6B67,EBE9D8
6A6B67,E2CC9C
EBE9D8,E2CC9C
88D9D8,F7F6F1
88D9D8,D8CFC1
F7F6F1,D8CFC1
C3DDEE,FFF9EC
C3DDEE,DDC3B7
FFF9EC,DDC3B7
5F6957,EEF1EA
5F6957,C8D1C4
EEF1EA,C8D1C4
FFF6DA,FDFAF1
FFF6DA,F3E5CB
FDFAF1,F3E5CB
F8F7E6,FDFAF1
F8F7E6,E1CBB6
FDFAF1,E1CBB6
F9E4C1,FFF9EC
F9E4C1,C7D7E0
FFF9EC,C7D7E0
93A272,F4F0E3
93A272,D5C7B3
F4F0E3,D5C7B3
818068,F2F0E8
818068,D0D1C1
F2F0E8,D0D1C1
D19431,F5EFE8
D19431,C1B4A0
F5EFE8,C1B4A0
C2D7AD,F4F1EB
C2D7AD,D4D0C5
F4F1EB,D4D0C5
34C2A7,FDFAF1
34C2A7,C1B4A0
FDFAF1,C1B4A0
AEDDD3,FFFBF0
AEDDD3,D5C6BD
FFFBF0,D5C6BD
38C6A1,F4F1EB
38C6A1,D4D0C5
F4F1EB,D4D0C5
EFDDC3,F4F2EA
EFDDC3,D0D2C5
F4F2EA,D0D2C5
9A8D3F,FDF5D7
9A8D3F,D4BA8C
FDF5D7,D4BA8C
99C1DC,FDFAF1
99C1DC,D4CEBF
FDFAF1,D4CEBF
FFF4BB,FDFAF1
FFF4BB,CFD5D7
FDFAF1,CFD5D7
3B4A6C,F0EFEB
3B4A6C,D8CEB9
F0EFEB,D8CEB9
674247,F0EFEB
674247,BAB4A6
F0EFEB,BAB4A6
B0DFA4,F1FDE9
B0DFA4,D8CFC1
F1FDE9,D8CFC1
F1E4C8,EBE9D8
F1E4C8,8EA597
EBE9D8,8EA597
575654,FDFAF1
575654,DBDBDA
FDFAF1,DBDBDA
5E774A,E9F3E1
5E774A,F5CE9F
E9F3E1,F5CE9F
7FB377,F0EFEB
7FB377,BAB6AB
F0EFEB,BAB6AB
7E6099,F5EBE1
7E6099,BFAA97
F5EBE1,BFAA97
00A466,FDFAF1
00A466,D2C6AE
FDFAF1,D2C6AE
F8C275,FFF8E1
F8C275,DCD8C7
FFF8E1,DCD8C7
FFEBEE,FDFAF1
FFEBEE,F4C0C6
FDFAF1,F4C0C6
90A96E,FDF3E4
90A96E,D6BA9B
FDF3E4,D6BA9B
437B48,D2CDBC
437B48,C7BDA8
D2CDBC,C7BDA8
D2F4DD,FDFAF1
D2F4DD,EFE0C6
FDFAF1,EFE0C6
A89887,E2D8C2
A89887,B67350
E2D8C2,B67350
EEF9C1,FFFFEF
EEF9C1,E3D2C0
FFFFEF,E3D2C0
D5B59C,FCF0E5
D5B59C,CCC7A1
FCF0E5,CCC7A1
FFFFE5,FDFAF1
FFFFE5,FFFAC0
FDFAF1,FFFAC0
EA936E,FDFAF1
EA936E,D4D0C5
FDFAF1,D4D0C5
D2A5A3,DBD7C4
D2A5A3,EBDAB5
DBD7C4,EBDAB5
ECEBEA,F8F5E9
ECEBEA,C6C6C6
F8F5E9,C6C6C6
B34B47,ECEBE5
B34B47,CECDC5
ECEBE5,CECDC5
FFC3BF,F5EFE8
FFC3BF,D8CFC1
F5EFE8,D8CFC1
689DB7,F6EBD7
689DB7,D6C0A4
F6EBD7,D6C0A4
AEB9BC,F8F5E9
AEB9BC,CAD3D4
F8F5E9,CAD3D4
9DD8DB,E6E3D6
9DD8DB,DDCAAF
E6E3D6,DDCAAF
80A1B0,FDFAF1
80A1B0,CEBE9F
FDFAF1,CEBE9F
6C849B,F4F1EB
6C849B,CDB9A2
F4F1EB,CDB9A2
FFFFE3,F7F6F1
FFFFE3,E7E3DB
F7F6F1,E7E3DB
165D95,F6EBD7
165D95,D5BFA5
F6EBD7,D5BFA5
C7994F,FFF8E3
C7994F,CCC7A1
FFF8E3,CCC7A1
B7C0EA,FDFBF8
B7C0EA,D6C3B9
FDFBF8,D6C3B9
008A51,EAEAEA
008A51,C0C3C4
EAEAEA,C0C3C4
F3F0E8,F7F6F1
F3F0E8,B9B5A4
F7F6F1,B9B5A4
E9D2EF,F7F6F1
E9D2EF,D8C7B6
F7F6F1,D8C7B6
DBD7F2,FFFDF2
DBD7F2,E8DBC5
FFFDF2,E8DBC5
BD83BE,FFEDF8
BD83BE,D6C3B9
FFEDF8,D6C3B9
E2E5C7,FDFAF1
E2E5C7,D8CFC1
FDFAF1,D8CFC1
F3E7B4,F0EFEB
F3E7B4,D8C095
F0EFEB,D8C095
9C9C4B,FFFEED
9C9C4B,CDB9A2
FFFEED,CDB9A2
BF4E46,F4F0E1
BF4E46,E2CAAF
F4F0E1,E2CAAF
FFFAE5,FDFAF1
FFFAE5,DABD84
FDFAF1,DABD84
EFF19D,FFFFE9
EFF19D,D8CFC1
FFFFE9,D8CFC1
679B6A,FCF0E5
679B6A,E9CFBB
FCF0E5,E9CFBB
787976,FDFAF1
787976,D3D3D2
FDFAF1,D3D3D2
4E4E63,EFECEF
4E4E63,D4CBCC
EFECEF,D4CBCC
F7DE9D,F4F0E1
F7DE9D,B8A88A
F4F0E1,B8A88A
FFF7C4,FDFAF1
FFF7C4,D8CFC1
FDFAF1,D8CFC1
F8EC9E,FFFCD7
F8EC9E,D4CEBF
FFFCD7,D4CEBF
FFFEE6,F7F6F1
FFFEE6,FFFAC1
F7F6F1,FFFAC1
FFFFEC,F7F6F1
FFFFEC,F0F7C4
F7F6F1,F0F7C4
FCF9BD,FDFAF1
FCF9BD,E7E3DB
FDFAF1,E7E3DB
FECF24,FDFAF1
FECF24,D8C7B6
FDFAF1,D8C7B6
FFFBA8,FDFAF1
FFFBA8,D8CFC1
FDFAF1,D8CFC1
FFFAC0,FDFAF1
FFFAC0,D4D0C5
FDFAF1,D4D0C5
E7C630,F7F6F1
E7C630,B3AB98
F7F6F1,B3AB98
6CB037,F4F0E8
6CB037,D4CEBF
F4F0E8,D4CEBF
D8F1F4,F7F6F1
D8F1F4,8ECED8
F7F6F1,8ECED8
9DA693,F0EFEB
9DA693,788788
F0EFEB,788788
A2B0A8,ECEBE5
A2B0A8,D9D9D6
ECEBE5,D9D9D6
DACBA7,F7EEDB
DACBA7,EDB384
F7EEDB,EDB384
92CBF1,FDF9EF
92CBF1,E3D2C0
FDF9EF,E3D2C0
F5EFE8,F7F6F1
F5EFE8,D8CFC1
F7F6F1,D8CFC1
F9DBCF,FDFAF1
F9DBCF,DDA896
FDFAF1,DDA896
979D9A,F3E7DB
979D9A,FED6CC
F3E7DB,FED6CC
F1BFE2,FDFAF1
F1BFE2,E2D8C3
FDFAF1,E2D8C3
FCF7DB,F7F6F1
FCF7DB,E9E1A7
F7F6F1,E9E1A7
FDF5D7,F7F6F1
FDF5D7,E3D9A0
F7F6F1,E3D9A0
BCC09E,F3F5E9
BCC09E,DFC6AA
F3F5E9,DFC6AA
E3E3D7,F2F0E8
E3E3D7,B6B5A0
F2F0E8,B6B5A0
F3F4F4,F7F6F1
F3F4F4,CADFDD
F7F6F1,CADFDD
E5EBE6,FDFAF1
E5EBE6,96A69F
FDFAF1,96A69F
EFDE74,EDE9DD
EFDE74,C5C0AC
EDE9DD,C5C0AC
FAF0DB,C1B5A9
F4F2D3,FDFAF1
F4F2D3,D6D69B
FDFAF1,D6D69B
C6C191,EBE6D7
C6C191,E7DCC1
EBE6D7,E7DCC1
F0FDED,FFFBEE
F0FDED,EFE0C6
FFFBEE,EFE0C6
CFDD7B,F4F0E8
CFDD7B,E7E2D6
F4F0E8,E7E2D6
C6D624,F4F0E8
C6D624,D4CEBF
F4F0E8,D4CEBF
D0D34D,FDFAF1
D0D34D,DCD3CE
FDFAF1,DCD3CE
76857B,E5EBE6
76857B,B6C4BD
E5EBE6,B6C4BD
F2EABF,FDFAF1
F2EABF,FFC0C6
FDFAF1,FFC0C6
DCD8C7,FDFAF1
DCD8C7,AAA388
FDFAF1,AAA388
8E9985,FFFBEE
8E9985,DFE4DA
FFFBEE,DFE4DA
E9DCD1,FDFAF1
E9DCD1,B6C4BD
FDFAF1,B6C4BD
E6DEF0,FDFAF1
E6DEF0,E8DAD1
FDFAF1,E8DAD1
E8AF49,FDFAF1
E8AF49,D8C7B6
FDFAF1,D8C7B6
C95B83,ECE6D5
C95B83,D8CFC1
ECE6D5,D8CFC1
FFFED8,FDFAF1
FFFED8,DCD8C7
FDFAF1,DCD8C7
B6D3C5,F0EFEB
B6D3C5,E7DCC1
F0EFEB,E7DCC1
445956,FDFAF1
445956,D6C0A4
FDFAF1,D6C0A4
705A46,F8F5E9
705A46,D6BA9B
F8F5E9,D6BA9B
8D95AA,FFFBF0
8D95AA,C5B5A4
FFFBF0,C5B5A4
947754,F5E9D9
947754,D6C0A4
F5E9D9,D6C0A4
68757E,F7F6F1
68757E,BFC9D0
F7F6F1,BFC9D0
888786,FDFAF1
888786,DBDBDA
FDFAF1,DBDBDA
655856,E6E0E0
655856,D4CBCC
E6E0E0,D4CBCC
FFBEC8,FFFDF2
FFBEC8,D0D1C1
FFFDF2,D0D1C1
E4658E,FFFBF0
E4658E,F1D5AE
FFFBF0,F1D5AE
E398AF,FFFBF0
E398AF,E3CBA8
FFFBF0,E3CBA8
006940,ECEBEA
006940,C6C6C6
ECEBEA,C6C6C6
FFFEED,FDFAF1
FFFEED,E1BB87
FDFAF1,E1BB87
414D62,F5EFE8
414D62,C1B4A0
F5EFE8,C1B4A0
415053,D9E6E8
415053,ADC5C9
D9E6E8,ADC5C9
D2CFC1,F3F0E8
D2CFC1,EA936E
F3F0E8,EA936E
9D7EB7,F8F3F6
9D7EB7,DCD3CE
F8F3F6,DCD3CE
E6DA78,FDFAF1
E6DA78,D0D2C5
FDFAF1,D0D2C5
604D47,FDFAF1
604D47,CDBDBA
FDFAF1,CDBDBA
FEE8D6,FFFBF0
FEE8D6,E4E4DA
FFFBF0,E4E4DA
BFAE5B,F5EFE8
BFAE5B,C1B4A0
F5EFE8,C1B4A0
41434E,EBE2CF
41434E,D8C095
EBE2CF,D8C095
B5B6CE,FFFBF0
B5B6CE,EFE0C6
FFFBF0,EFE0C6
5B686F,F0EFEB
5B686F,BAB4A6
F0EFEB,BAB4A6
EED09D,FDFAF1
EED09D,B6C5C1
FDFAF1,B6C5C1
ECBF9F,FFF0E1
ECBF9F,D4CEBF
FFF0E1,D4CEBF
3A3B5B,F8F5E9
3A3B5B,C1B4A0
F8F5E9,C1B4A0
BAA3A9,F4E9EA
BAA3A9,5C5451
F4E9EA,5C5451
FFF9E4,CEBE9F
82495A,FDFAF1
82495A,D5C6BD
FDFAF1,D5C6BD
DAB77F,E3E1CC
DAB77F,A9A482
E3E1CC,A9A482
976352,E5DFCD
976352,E2CC9C
E5DFCD,E2CC9C
FFF2D9,F4F0E8
FFF2D9,E7E2D6
F4F0E8,E7E2D6
EEDFDD,FDFAF1
EEDFDD,C6AEAA
FDFAF1,C6AEAA
A38E6F,F4F0E1
A38E6F,D8CEB9
F4F0E1,D8CEB9
BB9351,FFFBEE
BB9351,EDD2A3
FFFBEE,EDD2A3
B49161,FDF3E4
B49161,E3CBA8
FDF3E4,E3CBA8
F3E5CB,FFFDF2
F3E5CB,C5D1DA
FFFDF2,C5D1DA
665D9E,FDFAF1
665D9E,C1B4A0
FDFAF1,C1B4A0
CCEEC2,FDFAF1
CCEEC2,D4D0C5
FDFAF1,D4D0C5
F9BB59,FDFAF1
F9BB59,DCD8C7
FDFAF1,DCD8C7
65A5D5,F4F0E3
65A5D5,D5C7B3
F4F0E3,D5C7B3
A5B4B6,F4ECDB
A5B4B6,A9B49A
F4ECDB,A9B49A
BDCFEA,F6EFE1
BDCFEA,D8CEB9
F6EFE1,D8CEB9
FBB377,FFF1DC
FBB377,D0D1C1
FFF1DC,D0D1C1
D4C477,FFFBF0
D4C477,D2C6AE
FFFBF0,D2C6AE
F7E5E6,F7F6F1
F7E5E6,DBB7BB
F7F6F1,DBB7BB
AEA132,F3F0E8
AEA132,D2CFC1
F3F0E8,D2CFC1
90686C,D5CFBD
90686C,BCAB9C
D5CFBD,BCAB9C
655046,F4ECDB
655046,CDA894
F4ECDB,CDA894
9DA28E,FDF3E4
9DA28E,E3CBA8
FDF3E4,E3CBA8
C3A679,FFF1D8
C3A679,EDD2A3
FFF1D8,EDD2A3
1E8CAB,F8F5E9
1E8CAB,CEBE9F
F8F5E9,CEBE9F
869F98,F4ECDB
869F98,D0C5BE
F4ECDB,D0C5BE
E3CFAB,E2D8C2
E3CFAB,799B96
E2D8C2,799B96
FFCF53,FFFDF2
FFCF53,D2CFC1
FFFDF2,D2CFC1
CE8544,FDF3E4
CE8544,D6BA9B
FDF3E4,D6BA9B
F6E6C5,FDFAF1
F6E6C5,CEE3DC
FDFAF1,CEE3DC
E9F9F5,F7F6F1
E9F9F5,D6C5A9
F7F6F1,D6C5A9
D4B8BF,F4F0E8
D4B8BF,654846
F4F0E8,654846
A44A56,FFF8E3
A44A56,FFF0C4
FFF8E3,FFF0C4
8AA786,FFF9EC
8AA786,E3D2C0
FFF9EC,E3D2C0
9B5953,DCD3BC
9B5953,A89887
DCD3BC,A89887
EEB5AF,F5EFE8
EEB5AF,C6AEAA
F5EFE8,C6AEAA
A78B71,F6EBD7
A78B71,E9D3BA
F6EBD7,E9D3BA
837E74,ECEBE5
837E74,BAB4A6
ECEBE5,BAB4A6
70828F,FDFAF1
70828F,D6C0A4
FDFAF1,D6C0A4
81B39C,ECEBE5
81B39C,D1D9D7
ECEBE5,D1D9D7
FFE1A3,F7F6F1
FFE1A3,DBDBDA
F7F6F1,DBDBDA
F3D5A1,FBF1DF
F3D5A1,E2BEB4
FBF1DF,E2BEB4
979FBF,F5EBE1
979FBF,D8C7B6
F5EBE1,D8C7B6
706048,F4F0E3
706048,D5C7B3
F4F0E3,D5C7B3
637057,EAEFE5
637057,CAD6C4
EAEFE5,CAD6C4
3E505F,F4F0E8
3E505F,BBB3A2
F4F0E8,BBB3A2
555B53,E8EBE7
555B53,BCC4BD
E8EBE7,BCC4BD
4E5A6D,F4F0E1
4E5A6D,B9B297
F4F0E1,B9B297
CFF7EF,F7F6F1
CFF7EF,EEE2D5
F7F6F1,EEE2D5
969565,F3F2E1
969565,DDDCBF
F3F2E1,DDDCBF
FAF7F0,F7F6F1
FAF7F0,E2D8C3
F7F6F1,E2D8C3
FAF3E6,FDFAF1
FAF3E6,E2D6BD
FDFAF1,E2D6BD
F9ECD1,FFF8EE
F9ECD1,FED6CC
FFF8EE,FED6CC
D3CEC5,E7E6ED
D3CEC5,838298
E7E6ED,838298
F2CFE0,FFFBF0
F2CFE0,FFF2D7
FFFBF0,FFF2D7
524A46,F4F0E8
524A46,D4CEBF
F4F0E8,D4CEBF
E6FDF1,FDFAF1
E6FDF1,E6E3D8
FDFAF1,E6E3D8
DFFBF3,FFFBF0
DFFBF3,EEE2D5
FFFBF0,EEE2D5
DEF0A3,FDFAF1
DEF0A3,F2CFE0
FDFAF1,F2CFE0
C5E6D1,F5EBE1
C5E6D1,D8C7B6
F5EBE1,D8C7B6
B6E9C8,FDFAF1
B6E9C8,E8DCD5
FDFAF1,E8DCD5
D2F2E7,FAF7F0
D2F2E7,D4D0C5
FAF7F0,D4D0C5
6F5D57,ECE3E1
6F5D57,DBD0CE
ECE3E1,DBD0CE
9BA9AB,EBE6D7
9BA9AB,CDA894
EBE6D7,CDA894
B78D61,F1E4CB
B78D61,E9CA94
F1E4CB,E9CA94
456252,EBE2CF
456252,C0B28E
EBE2CF,C0B28E
857A64,F4F0E8
857A64,D4CEBF
F4F0E8,D4CEBF
E2D8C2,EBE9D8
E2D8C2,A2B0A8
EBE9D8,A2B0A8
E3F1EB,F7F6F1
E3F1EB,D4CEBF
F7F6F1,D4CEBF
E4EBE7,F7F6F1
E4EBE7,B6C5C1
F7F6F1,B6C5C1
A2B7CF,F1E7DB
A2B7CF,D8CFC1
F1E7DB,D8CFC1
98B489,FFF9EC
98B489,D8C7B6
FFF9EC,D8C7B6
C6DCC7,FFFBF0
C6DCC7,E2D8C3
FFFBF0,E2D8C3
DDC9C6,FDFAF1
DDC9C6,A88E8B
FDFAF1,A88E8B
DCE5CC,F1E7DB
DCE5CC,D6CFBF
F1E7DB,D6CFBF
DFFAE1,FDFAF1
DFFAE1,EEE2D5
FDFAF1,EEE2D5
F5ECDC,F7F6F1
F5ECDC,D6C5A9
F7F6F1,D6C5A9
745B49,E2D8C2
745B49,BCA380
E2D8C2,BCA380
E9E4EF,FDFAF1
E9E4EF,E8DCD5
FDFAF1,E8DCD5
C8A692,F9F0E1
C8A692,ADAC7C
F9F0E1,ADAC7C
E4F3E0,F4F2EA
E4F3E0,E4E4DA
F4F2EA,E4E4DA
574A47,E6E0E0
574A47,BBB0B1
E6E0E0,BBB0B1
BF764C,E5DFCD
BF764C,DED1A3
E5DFCD,DED1A3
7B9A6D,FFF9EC
7B9A6D,D5C7B3
FFF9EC,D5C7B3
A49593,FFFDF2
A49593,DBD0CE
FFFDF2,DBD0CE
4BA4A9,FCF7EB
4BA4A9,D8CFC1
FCF7EB,D8CFC1
946E5C,FFFDEB
946E5C,DDC3B7
FFFDEB,DDC3B7
FFE7D5,F4F1E8
FFE7D5,CDD0C0
F4F1E8,CDD0C0
586E75,E5DFCD
586E75,BEA781
E5DFCD,BEA781
F2F1E6,F7F6F1
F2F1E6,D1D2BF
F7F6F1,D1D2BF
FCF0C2,F5EFE8
FCF0C2,E9E2D7
F5EFE8,E9E2D7
CEEEEF,F7F6F1
CEEEEF,96D3D8
F7F6F1,96D3D8
EBF4DF,F7F6F1
EBF4DF,C2D7AD
F7F6F1,C2D7AD
E5EDF1,F7F6F1
E5EDF1,7896BA
F7F6F1,7896BA
8CB295,F6EFE1
8CB295,D5CFBD
F6EFE1,D5CFBD
546B78,EBE6D7
546B78,BCAB9C
EBE6D7,BCAB9C
42544C,E2D8C2
42544C,BCA380
E2D8C2,BCA380
7A7E66,FAF7F0
7A7E66,CDD0C0
FAF7F0,CDD0C0
B4A54B,FCF7DB
B4A54B,D6C5A9
FCF7DB,D6C5A9
857349,F7EEDB
857349,DACBA7
F7EEDB,DACBA7
849C8D,FDFAF1
849C8D,D8E4DE
FDFAF1,D8E4DE
BDE1C4,F5EFE8
BDE1C4,D8CFC1
F5EFE8,D8CFC1
EDE2E0,FDFAF1
EDE2E0,CDBDBA
FDFAF1,CDBDBA
CAD3D4,FDFAF1
CAD3D4,9F2D47
FDFAF1,9F2D47
E6E0E0,F7F6F1
E6E0E0,BBB0B1
F7F6F1,BBB0B1
4C98C2,F4F0E1
4C98C2,E3CFAB
F4F0E1,E3CFAB
A9B49A,E2D8C2
A9B49A,D8C095
E2D8C2,D8C095
E4B3CC,F2F0E8
E4B3CC,D0D1C1
F2F0E8,D0D1C1
E2BEB4,FAE8E1
E2BEB4,C3B4B3
FAE8E1,C3B4B3
593C50,ECEBEA
593C50,C6C6C6
ECEBEA,C6C6C6
EBE2CF,F4F0E1
EBE2CF,B6CACA
F4F0E1,B6CACA
CCA195,FFFCEC
CCA195,F1D7CE
FFFCEC,F1D7CE
D4D0C5,F4F1EB
D4D0C5,B87592
F4F1EB,B87592
C69F26,F2F0E8
C69F26,B6B5A0
F2F0E8,B6B5A0
91788C,F4EAF0
91788C,C3B4B3
F4EAF0,C3B4B3
3E7A85,ECEBE5
3E7A85,AFB2A7
ECEBE5,AFB2A7
93A8A7,F9EDE2
93A8A7,E1CBB6
F9EDE2,E1CBB6
A29171,F0E8D9
A29171,D2C6AE
F0E8D9,D2C6AE
F1EBC8,F1E7DB
F1EBC8,E2D4DF
F1E7DB,E2D4DF
E7DCC1,EBE9D8
E7DCC1,EEC9A6
EBE9D8,EEC9A6
F7D8C4,FFFDEB
F7D8C4,CEE3DC
FFFDEB,CEE3DC
FFF6D7,F7F6F1
FFF6D7,F0DCA0
F7F6F1,F0DCA0
BFD5B3,E9F3E1
BFD5B3,D2C6AE
E9F3E1,D2C6AE
2E4A7D,F7F6F1
2E4A7D,D2C5AE
F7F6F1,D2C5AE
007C78,E5DFCD
007C78,B9B297
E5DFCD,B9B297
EBE1C9,FDFAF1
EBE1C9,D1D2BF
FDFAF1,D1D2BF
20576E,F1E5D7
20576E,CDB9A2
F1E5D7,CDB9A2
FFA168,FFFBF0
FFA168,D6C0A4
FFFBF0,D6C0A4
FFE6C3,FFFBF0
FFE6C3,E7E2D6
FFFBF0,E7E2D6
8B694D,F9EDE2
8B694D,E1CBB6
F9EDE2,E1CBB6
FFD5A7,F1E5D7
FFD5A7,E3D2C0
F1E5D7,E3D2C0
B89B6B,F9EEDC
B89B6B,EFE0C6
F9EEDC,EFE0C6
D6C3B9,F8EEE3
D6C3B9,B19BB0
F8EEE3,B19BB0
445A79,FDFAF1
445A79,D5C7B3
FDFAF1,D5C7B3
4F4F5E,FDF9EF
4F4F5E,D2D2DF
FDF9EF,D2D2DF
43535E,FBF4E8
43535E,BFAA97
FBF4E8,BFAA97
676E7A,F0EFEB
676E7A,C7BDA8
F0EFEB,C7BDA8
4F4352,E6E3D6
4F4352,9E9589
E6E3D6,9E9589
FFD6DD,FFF3F4
FFD6DD,E8DAD1
FFF3F4,E8DAD1
0E6071,FAF3E6
0E6071,CEBE9F
FAF3E6,CEBE9F
5B4E4B,F4ECDB
5B4E4B,D8CEB9
F4ECDB,D8CEB9
D2C6AE,F0E8D9
D2C6AE,87A1B1
F0E8D9,87A1B1
A3B9CD,FDFAF1
A3B9CD,DDC3B7
FDFAF1,DDC3B7
5E463C,F7F6F1
5E463C,DDC3B7
F7F6F1,DDC3B7
AAA388,EDE9DD
AAA388,D6BA9B
EDE9DD,D6BA9B
FFE6EC,FDFAF1
FFE6EC,FFC9D7
FDFAF1,FFC9D7
515B62,F7F6F1
515B62,BFC9D0
F7F6F1,BFC9D0
F3A347,F1E4CB
F3A347,939789
F1E4CB,939789
CDB386,F9EEDC
CDB386,EFE0C6
F9EEDC,EFE0C6
E0B695,F6EFE1
E0B695,ACBDB1
F6EFE1,ACBDB1
0092A3,F4F0E1
0092A3,E7DCC1
F4F0E1,E7DCC1
F6EBD3,FCF7EB
F6EBD3,A3BFCB
FCF7EB,A3BFCB
7896BA,F7F6F1
7896BA,D2C6AE
F7F6F1,D2C6AE
637195,FFF9EC
637195,D8C7B6
FFF9EC,D8C7B6
006C68,F5E9D9
006C68,D6C0A4
F5E9D9,D6C0A4
C2D2E0,FFF9EC
C2D2E0,DEC1B8
FFF9EC,DEC1B8
EEC987,E5DFCD
EEC987,CBB68F
E5DFCD,CBB68F
F8AC8C,F5EFE8
F8AC8C,D8CFC1
F5EFE8,D8CFC1
B6E5D6,FDFAF1
B6E5D6,D4CEBF
FDFAF1,D4CEBF
A798C2,ECEBEA
A798C2,DBDBDA
ECEBEA,DBDBDA
FF714E,F5ECE7
FF714E,D5C6BD
F5ECE7,D5C6BD
BBDAF8,FFFEED
BBDAF8,D2C6AE
FFFEED,D2C6AE
D07360,E5DFCD
D07360,BCA380
E5DFCD,BCA380
7C644B,F7F6F1
7C644B,E3D2C0
F7F6F1,E3D2C0
343B4E,F5EFE8
343B4E,C1B4A0
F5EFE8,C1B4A0
73486B,ECEBE5
73486B,AFB2A7
ECEBE5,AFB2A7
5F5D48,FAEEDB
5F5D48,D0B082
FAEEDB,D0B082
C9BD88,FDFAF1
C9BD88,ECE6C8
FDFAF1,ECE6C8
CED2AB,F5EBE1
CED2AB,D8C7B6
F5EBE1,D8C7B6
E2DCAB,F7F6F1
E2DCAB,DBD6CB
F7F6F1,DBD6CB
FFD2A9,FFFDF2
FFD2A9,D0DBD7
FFFDF2,D0DBD7
C1D1C4,F7F6F1
C1D1C4,D2C5AE
F7F6F1,D2C5AE
FF9682,F7EEDB
FF9682,DACBA7
F7EEDB,DACBA7
FF6E3A,FDFAF1
FF6E3A,D6C5A9
FDFAF1,D6C5A9
EB7D5D,F7F6F1
EB7D5D,CCB49A
F7F6F1,CCB49A
FFC355,FFFBEE
FFC355,D5C7B3
FFFBEE,D5C7B3
FFCA7D,F5EBE1
FFCA7D,D8C7B6
F5EBE1,D8C7B6
FF9731,F4F0E8
FF9731,BBB3A2
F4F0E8,BBB3A2
FFAE52,FFFBE8
FFAE52,D4CEBF
FFFBE8,D4CEBF
E57059,FDFAF1
E57059,BBB3A2
FDFAF1,BBB3A2
FFECE0,F7F6F1
FFECE0,F7C6B1
F7F6F1,F7C6B1
A99E54,FDFAF1
A99E54,CCBEAC
FDFAF1,CCBEAC
FFDEA6,F5EAE3
FFDEA6,E8DAD1
F5EAE3,E8DAD1
654846,F4E5E7
654846,D4B8BF
F4E5E7,D4B8BF
53626E,FDFCFA
53626E,C5D1DA
FDFCFA,C5D1DA
B67350,DBD7C4
B67350,B9B297
DBD7C4,B9B297
A7B8C4,F7F6F1
A7B8C4,E9D8C2
F7F6F1,E9D8C2
E3D3BF,FFFDF2
E3D3BF,C5C0AC
FFFDF2,C5C0AC
4470B0,F0EFEB
4470B0,EBDBC1
F0EFEB,EBDBC1
69A4B9,F7F6F1
69A4B9,D2C6AE
F7F6F1,D2C6AE
68457A,F7F5F6
68457A,BCC4BD
F7F5F6,BCC4BD
FFE3CB,FFF6E9
FFE3CB,CBCDC4
FFF6E9,CBCDC4
D6C5A9,F5ECDC
D6C5A9,A3B9CD
F5ECDC,A3B9CD
E2CCC7,FDFAF1
E2CCC7,D3D3D2
FDFAF1,D3D3D2
FDE1F0,FDEFE9
FDE1F0,F5E6D3
FDEFE9,F5E6D3
D0F7E4,FDFAF1
D0F7E4,E7E3DB
FDFAF1,E7E3DB
8A779A,FDFAF1
8A779A,D4CEBF
FDFAF1,D4CEBF
CFE5F0,F5ECE7
CFE5F0,D5C6BD
F5ECE7,D5C6BD
A2EBD8,F7F6F1
A2EBD8,D8C7B6
F7F6F1,D8C7B6
FED6CC,F1E7DB
FED6CC,D4D0C5
F1E7DB,D4D0C5
FCFCDA,F4F1EB
FCFCDA,E7E3DB
F4F1EB,E7E3DB
FFF7ED,F7F6F1
FFF7ED,FFE0CB
F7F6F1,FFE0CB
FFF2DE,FDFAF1
FFF2DE,F1D5AE
FDFAF1,F1D5AE
FFF8D5,FDFAF1
FFF8D5,FFE29B
FDFAF1,FFE29B
CACFDC,FFFBF0
CACFDC,E9D8C2
FFFBF0,E9D8C2
F3F2E1,FDFAF1
F3F2E1,DDDCBF
FDFAF1,DDDCBF
FCF0E5,E9CFBB
AEAD5B,F9F0E1
AEAD5B,D6C5A9
F9F0E1,D6C5A9
BDB268,F5F0D1
BDB268,E3CBA8
F5F0D1,E3CBA8
20887A,F4F0E1
20887A,D5CDB4
F4F0E1,D5CDB4
74B560,F4F0E8
74B560,BBB3A2
F4F0E8,BBB3A2
E9B679,FFF9EC
E9B679,D8C7B6
FFF9EC,D8C7B6
837871,F4ECDB
837871,BCAB9C
F4ECDB,BCAB9C
FFD1AF,FFFBF0
FFD1AF,E2D5D3
FFFBF0,E2D5D3
B4A07A,FAF3E6
B4A07A,E2D6BD
FAF3E6,E2D6BD
78AE48,F4F1EB
78AE48,BAB6A9
F4F1EB,BAB6A9
FFF7DF,FDFAF1
FFF7DF,F7DFAF
FDFAF1,F7DFAF
3F4855,F1E5D7
3F4855,CDB9A2
F1E5D7,CDB9A2
FFFFDD,FDFAF1
FFFFDD,D8DADB
FDFAF1,D8DADB
4FAA6C,E7FBEC
4FAA6C,E9D8C2
E7FBEC,E9D8C2
FFEDF8,FDFAF1
FFEDF8,E7C3E7
FDFAF1,E7C3E7
D0D2C5,F4F2EA
D0D2C5,B38070
F4F2EA,B38070
A84A49,E2D8C2
A84A49,AB927A
E2D8C2,AB927A
753A58,F3F0E8
753A58,D2CFC1
F3F0E8,D2CFC1
F7DFAF,FFFDF2
F7DFAF,DDDCBF
FFFDF2,DDDCBF
EDFAD9,F4F1EB
EDFAD9,E7E3DB
F4F1EB,E7E3DB
B6C4BD,E5EBE6
B6C4BD,4F5A51
E5EBE6,4F5A51
DF9C45,FFF6DA
DF9C45,CDBDBA
FFF6DA,CDBDBA
A8BFCC,FFFDF2
A8BFCC,D2C6AE
FFFDF2,D2C6AE
94D8AC,FDFAF1
94D8AC,CEBE9F
FDFAF1,CEBE9F
FFDDCD,FFF8EE
FFDDCD,EEE2D5
FFF8EE,EEE2D5
F1FBF1,FDFAF1
F1FBF1,C5E6D1
FDFAF1,C5E6D1
FEDCAD,F3E4D3
FEDCAD,C7C7C2
F3E4D3,C7C7C2
FFECE5,F7F6F1
FFECE5,E5D7C4
F7F6F1,E5D7C4
FFD9AA,FDFAF1
FFD9AA,D9DAD2
FDFAF1,D9DAD2
FADFC7,FFFDEB
FADFC7,BC896E
FFFDEB,BC896E
FFC7B9,FFECE5
FFC7B9,D8CFC1
FFECE5,D8CFC1
FFE5BD,FFF9E7
FFE5BD,5E463C
FFF9E7,5E463C
EEC9A6,EBDBC1
EEC9A6,D8C095
EBDBC1,D8C095
FFC9C4,FFF3F0
FFC9C4,E9CFBB
FFF3F0,E9CFBB
FFDEDA,F4F0E8
FFDEDA,D4CEBF
F4F0E8,D4CEBF
206D71,FDFAF1
206D71,BCAB8C
FDFAF1,BCAB8C
A6893A,FFF6D7
A6893A,F0DCA0
FFF6D7,F0DCA0
DCE4E9,DDCDB3
FCF7EB,F7F6F1
FCF7EB,D8DADB
F7F6F1,D8DADB
F6EBD7,CCBEAC
E4E4DA,F7F6F1
E4E4DA,B5B8A8
F7F6F1,B5B8A8
7B9459,FFF9EC
7B9459,D6BA9B
FFF9EC,D6BA9B
AFB2A7,ECEBE5
AFB2A7,D9DAD2
ECEBE5,D9DAD2
E09F78,F5E9D9
E09F78,E9D8C2
F5E9D9,E9D8C2
DBB7BB,F7E5E6
DBB7BB,E9E2D7
F7E5E6,E9E2D7
5C6274,FBF4E8
5C6274,BCAA9F
FBF4E8,BCAA9F
807548,FAF3E6
807548,CEBE9F
FAF3E6,CEBE9F
E9E8BB,F9F2E7
E9E8BB,E3D2C0
F9F2E7,E3D2C0
F3E9F7,F7F6F1
F3E9F7,E7D7EF
F7F6F1,E7D7EF
52677B,FFFCEC
52677B,D2C6AE
FFFCEC,D2C6AE
97A3DA,F5EFE8
97A3DA,D8CFC1
F5EFE8,D8CFC1
E59B34,FFFDEB
E59B34,D8C7B6
FFFDEB,D8C7B6
CD7DB5,F8EEF4
CD7DB5,D2D5DA
F8EEF4,D2D5DA
C1B23E,ECEBEA
C1B23E,C6C6C6
ECEBEA,C6C6C6
BAB4A6,ECEBE5
BAB4A6,D07360
ECEBE5,D07360
F7EFDE,FDFAF1
F7EFDE,D4CEBF
FDFAF1,D4CEBF
BBA528,F4F0E8
BBA528,D4CEBF
F4F0E8,D4CEBF
C1B4A0,F5EFE8
C1B4A0,E9E2D7
F5EFE8,E9E2D7
FFC0C6,FDFAF1
FFC0C6,D5C6BD
FDFAF1,D5C6BD
6C7779,F2EDEC
6C7779,CAD3D4
F2EDEC,CAD3D4
FFF8E3,FDFAF1
FFF8E3,F1D5AE
FDFAF1,F1D5AE
765952,FFFBF0
765952,DDC9C6
FFFBF0,DDC9C6
486358,FFFBF0
486358,CEE3DC
FFFBF0,CEE3DC
D5D8BC,FAF7F0
D5D8BC,CDB9A2
FAF7F0,CDB9A2
3A7968,F9F2E7
3A7968,DEB699
F9F2E7,DEB699
FFC3C6,FFF1F1
FFC3C6,E2D6BD
FFF1F1,E2D6BD
B94C66,F4ECDB
B94C66,E1D8B8
F4ECDB,E1D8B8
FF787B,FDFAF1
FF787B,D4D0C5
FDFAF1,D4D0C5
FFECE0,FDFAF1
FFECE0,E9CFBB
FDFAF1,E9CFBB
FFEAEB,F7F6F1
FFEAEB,D5C6BD
F7F6F1,D5C6BD
F8D0E7,F7F6F1
F8D0E7,E8DCD5
F7F6F1,E8DCD5
FFDBE5,F4F1EB
FFDBE5,E7E3DB
F4F1EB,E7E3DB
FFDFE5,F5EAE3
FFDFE5,E8DAD1
F5EAE3,E8DAD1
D04A70,FAECD9
D04A70,E1BB87
FAECD9,E1BB87
FFE9EB,F7F6F1
FFE9EB,E9CFBB
F7F6F1,E9CFBB
FFE6E4,F7F6F1
FFE6E4,E5867B
F7F6F1,E5867B
B08F42,F7F6F1
B08F42,D5C7B3
F7F6F1,D5C7B3
A0B7AD,F8F5E9
A0B7AD,D5C6BD
F8F5E9,D5C6BD
B1B6A3,FFF8E3
B1B6A3,E1CBB6
FFF8E3,E1CBB6
BAB6A9,F4F1EB
BAB6A9,8A99A4
F4F1EB,8A99A4
BA99A2,F5EFE8
BA99A2,D8CFC1
F5EFE8,D8CFC1
BFB9D5,FDFAF1
BFB9D5,D5C6BD
FDFAF1,D5C6BD
9B4B80,F7F1E2
9B4B80,CDB9A2
F7F1E2,CDB9A2
915D88,F7F6F1
915D88,E1CEAD
F7F6F1,E1CEAD
D4BDDF,F0E8D9
D4BDDF,D2C6AE
F0E8D9,D2C6AE
7E5E8D,FFFDF2
7E5E8D,D5C7B3
FFFDF2,D5C7B3
745E6F,F4EAF0
745E6F,E2D4DF
F4EAF0,E2D4DF
9E8185,F3E5CB
9E8185,BFA270
F3E5CB,BFA270
8CD4DF,FDFAF1
8CD4DF,D2C6AE
FDFAF1,D2C6AE
B1928C,FDFAF1
B1928C,E2CCC7
FDFAF1,E2CCC7
FFFED7,FDFAF1
FFFED7,E7E2D6
FDFAF1,E7E2D6
646767,EAEAEA
646767,C0C3C4
EAEAEA,C0C3C4
DDE8ED,FFFDF2
DDE8ED,A8BFCC
FFFDF2,A8BFCC
77BCB6,FFF9EC
77BCB6,D8C7B6
FFF9EC,D8C7B6
FFF2EF,FDFAF1
FFF2EF,FFD3CF
FDFAF1,FFD3CF
C5D1DA,FFF9EC
C5D1DA,D8C7B6
FFF9EC,D8C7B6
C35550,FFF8E3
C35550,DFC6AA
FFF8E3,DFC6AA
FFAEBB,F5ECE7
FFAEBB,D5C6BD
F5ECE7,D5C6BD
0098C8,FDF9EF
0098C8,EEE2D5
FDF9EF,EEE2D5
FBE9D8,FDFAF1
FBE9D8,C8A692
FDFAF1,C8A692
917A75,FDFAF1
917A75,E2D5D3
FDFAF1,E2D5D3
D4CEBF,FFFDF2
D4CEBF,C5D1DA
FFFDF2,C5D1DA
DBDBDA,F6F4EF
DBDBDA,B9C4DE
F6F4EF,B9C4DE
54C3C1,FDFAF1
54C3C1,E5D2B0
FDFAF1,E5D2B0
9D928A,ECEBE5
9D928A,D0C5BE
ECEBE5,D0C5BE
466F97,E5DFCD
466F97,E3D4B9
E5DFCD,E3D4B9
F3879C,FAE8E1
F3879C,F1D7CE
FAE8E1,F1D7CE
9ECCA7,FDFAF1
9ECCA7,D4CEBF
FDFAF1,D4CEBF
E0816F,E5DFCD
E0816F,B9B297
E5DFCD,B9B297
FB9B82,FFF8EE
FB9B82,DBD0CE
FFF8EE,DBD0CE
E7D7EF,F2EDEC
E7D7EF,E8DAD1
F2EDEC,E8DAD1
9CB3B5,F4F0E1
9CB3B5,BCAB9C
F4F0E1,BCAB9C
FFEFF3,FDFAF1
FFEFF3,F3879C
FDFAF1,F3879C
F9F2E7,FDFAF1
F9F2E7,F4C0C6
FDFAF1,F4C0C6
E1CBB6,FDFBF8
E1CBB6,A8BFCC
FDFBF8,A8BFCC
935444,EBE6D7
935444,B8A88A
EBE6D7,B8A88A
937067,F7F6F1
937067,E2CCC7
F7F6F1,E2CCC7
FBD5BD,F5ECE7
FBD5BD,E8DCD5
F5ECE7,E8DCD5
8E7D5D,F0E8D9
8E7D5D,D2C6AE
F0E8D9,D2C6AE
E2CC9C,E5DFCD
E2CC9C,8B714C
E5DFCD,8B714C
EEA372,EBE9D8
EEA372,ACBDB1
EBE9D8,ACBDB1
A5BE8F,FAECD9
A5BE8F,EFDBA7
FAECD9,EFDBA7
FFDE9C,F2F0E8
FFDE9C,D0D1C1
F2F0E8,D0D1C1
F1F0EF,FDFAF1
F1F0EF,CACFDC
FDFAF1,CACFDC
4A3C50,F7F6F1
4A3C50,E1DDBF
F7F6F1,E1DDBF
EC9580,F1E4C8
EC9580,DAB77F
F1E4C8,DAB77F
FABFE4,EAE8E4
FABFE4,D3D3D2
EAE8E4,D3D3D2
D6B7E2,F6E5F6
D6B7E2,D4CEBF
F6E5F6,D4CEBF
B9C4DE,E1E6F2
B9C4DE,D5C7B3
E1E6F2,D5C7B3
FF8D86,ECE3E1
FF8D86,DBD0CE
ECE3E1,DBD0CE
663C55,FDFAF1
663C55,D1D0D1
FDFAF1,D1D0D1
6D5C7B,FCF0E5
6D5C7B,D5B59C
FCF0E5,D5B59C
CC9DC6,F8F3F6
CC9DC6,D0D1C1
F8F3F6,D0D1C1
E7C3E7,FFEDF8
E7C3E7,DBDBDA
FFEDF8,DBDBDA
E9786E,DCD3BC
E9786E,E2CC9C
DCD3BC,E2CC9C
E5DFCD,F0EFEB
E5DFCD,BCAB9C
F0EFEB,BCAB9C
E99E56,FFEED2
E99E56,E3CBA8
FFEED2,E3CBA8
FFFDD8,FFFBF0
FFFDD8,EEE2D5
FFFBF0,EEE2D5
63647E,FFFDF2
63647E,E9CFBB
FFFDF2,E9CFBB
6A6283,FAF3E6
6A6283,CEBE9F
FAF3E6,CEBE9F
643E65,EFEDEE
643E65,CBC5C6
EFEDEE,CBC5C6
5C4F6A,ECE7F2
5C4F6A,D4CBCC
ECE7F2,D4CBCC
B9A0D2,FAF7F0
B9A0D2,D6BA9B
FAF7F0,D6BA9B
A274B5,FFFBF0
A274B5,B3AB98
FFFBF0,B3AB98
BB9ECA,F3F0E8
BB9ECA,B9B5A4
F3F0E8,B9B5A4
554348,F6EFE1
554348,DCD3BC
F6EFE1,DCD3BC
AB9BBC,F7F6F1
AB9BBC,D1DAD5
F7F6F1,D1DAD5
665261,E6E0E0
665261,BBB0B1
E6E0E0,BBB0B1
8D4362,FDFAF1
8D4362,CBCDC4
FDFAF1,CBCDC4
9F7D4F,FDFAF1
9F7D4F,E3CBA8
FDFAF1,E3CBA8
FFE989,FFF9EC
FFE989,D8C7B6
FFF9EC,D8C7B6
AD9E4B,FFFBF0
AD9E4B,F2EABF
FFFBF0,F2EABF
E2D0B9,FFF9EC
E2D0B9,B6BAA4
FFF9EC,B6BAA4
FAE6CA,FAF0DB
FAE6CA,C1D1C4
FAF0DB,C1D1C4
FFEED2,FDFAF1
FFEED2,F9BC7D
FDFAF1,F9BC7D
FFDD49,F6F4EF
FFDD49,C5C0AC
F6F4EF,C5C0AC
5187A0,FFFDF2
5187A0,D8CFC1
FFFDF2,D8CFC1
4A5E6C,ECEBE5
4A5E6C,A49688
ECEBE5,A49688
009A70,F7F6F1
009A70,B9BABA
F7F6F1,B9BABA
ECE5E1,F7F6F1
ECE5E1,C5B9B4
F7F6F1,C5B9B4
ACBDB1,ECEBE5
ACBDB1,A5B4B6
ECEBE5,A5B4B6
E0EBFA,FDFAF1
E0EBFA,E8DCD5
FDFAF1,E8DCD5
3F6C8F,FFF9EC
3F6C8F,EDD2A3
FFF9EC,EDD2A3
D1D8D6,FDFAF1
D1D8D6,97A2A0
FDFAF1,97A2A0
78615C,EDE2E0
78615C,CDBDBA
EDE2E0,CDBDBA
F7ECD8,FDFAF1
F7ECD8,D2C5AE
FDFAF1,D2C5AE
00748E,EBEEE8
00748E,C5B5A4
EBEEE8,C5B5A4
B96482,FDFAF1
B96482,D8C7B6
FDFAF1,D8C7B6
A34F66,F4F0E1
A34F66,DED1A3
F4F0E1,DED1A3
A79069,F5ECDC
A79069,D6C5A9
F5ECDC,D6C5A9
7E6F4F,E2D8C2
7E6F4F,E2CC9C
E2D8C2,E2CC9C
BA417B,ECEBE5
BA417B,AFB2A7
ECEBE5,AFB2A7
DD79A2,FDFAF1
DD79A2,C1B4A0
FDFAF1,C1B4A0
BAB6AB,F0EFEB
BAB6AB,9D7147
F0EFEB,9D7147
8F4B41,E2D8C2
8F4B41,BCA380
E2D8C2,BCA380
B33234,F7F6F1
B33234,D2C5AE
F7F6F1,D2C5AE
91433E,E2D8C2
91433E,BCA380
E2D8C2,BCA380
845544,FBF1DF
845544,F1D7CE
FBF1DF,F1D7CE
C93543,FFFEED
C93543,DDCDB3
FFFEED,DDCDB3
AC3235,FFFBF0
AC3235,E0CFB5
FFFBF0,E0CFB5
834C4B,F4F0E1
834C4B,BCAB9C
F4F0E1,BCAB9C
D63D3B,F7F6F1
D63D3B,DBDBDA
F7F6F1,DBDBDA
A8453B,F7F6F1
A8453B,D2C5AE
F7F6F1,D2C5AE
B95543,FDFAF1
B95543,D4CEBF
FDFAF1,D4CEBF
A65052,F4F1EB
A65052,BAB6A9
F4F1EB,BAB6A9
7E5146,ECEBE5
7E5146,BAB4A6
ECEBE5,BAB4A6
E46B71,FFF9E4
E46B71,FEE8D6
FFF9E4,FEE8D6
B45F56,F5EFE8
B45F56,C1B4A0
F5EFE8,C1B4A0
A0BCA7,F5EFE8
A0BCA7,D8CFC1
F5EFE8,D8CFC1
00968F,F4F1EB
00968F,D4D0C5
F4F1EB,D4D0C5
384543,F4F0E8
384543,D4CEBF
F4F0E8,D4CEBF
F1F9EC,F7F6F1
F1F9EC,BFD1C9
F7F6F1,BFD1C9
E1BB87,F7EFDD
E1BB87,FAE6CA
F7EFDD,FAE6CA
B87F84,F6EFE1
B87F84,A5A495
F6EFE1,A5A495
504E47,F4F0E1
504E47,A49688
F4F0E1,A49688
E7C0AD,FFFBF0
E7C0AD,B87A59
FFFBF0,B87A59
7F4E47,F0EFEB
7F4E47,C0B28E
F0EFEB,C0B28E
C09084,F5EFE8
C09084,D8CFC1
F5EFE8,D8CFC1
727A7C,F8F5E9
727A7C,D4C0C5
F8F5E9,D4C0C5
70767B,F0EFEB
70767B,DDCAAF
F0EFEB,DDCAAF
F1E7D5,FAF3E6
F1E7D5,D8E4DE
FAF3E6,D8E4DE
FFFCDB,FDFAF1
FFFCDB,E8DAD1
FDFAF1,E8DAD1
F9BC7D,F5ECE7
F9BC7D,D5C6BD
F5ECE7,D5C6BD
FFF0C4,F6EEDF
FFF0C4,C5D1DA
F6EEDF,C5D1DA
745342,F8F5E9
745342,D6BA9B
F8F5E9,D6BA9B
9D8861,FAF3E6
9D8861,E2D6BD
FAF3E6,E2D6BD
C7B39E,F7EFDD
C7B39E,BCC09E
F7EFDD,BCC09E
E1E36E,FBF9E1
E1E36E,DBDBDA
FBF9E1,DBDBDA
FFE07B,FAF7F0
FFE07B,BBB3A2
FAF7F0,BBB3A2
825E61,E7E3DB
825E61,9C9584
E7E3DB,9C9584
FFAF37,FDFAF1
FFAF37,DCD8C7
FDFAF1,DCD8C7
248591,FBF1DF
248591,D4BA8C
FBF1DF,D4BA8C
897870,ECE5E1
897870,DCD3CE
ECE5E1,DCD3CE
D2C5AE,F7F6F1
D2C5AE,AECAC8
F7F6F1,AECAC8
189FAC,FDFAF1
189FAC,E2D6BD
FDFAF1,E2D6BD
E6A255,F4F1EB
E6A255,D4D0C5
F4F1EB,D4D0C5
8B785C,F4F0E3
8B785C,D5C7B3
F4F0E3,D5C7B3
FC8AAA,FFF9E4
FC8AAA,D5C3AD
FFF9E4,D5C3AD
76443E,E6E3D6
76443E,A5A495
E6E3D6,A5A495
A88B66,FFFBF0
A88B66,E9D8C2
FFFBF0,E9D8C2
7F5E46,F8F5E9
7F5E46,D6BA9B
F8F5E9,D6BA9B
9ABF8D,F2FAED
9ABF8D,E3D2C0
F2FAED,E3D2C0
BFD1C9,E9F1EC
BFD1C9,E8DECE
E9F1EC,E8DECE
AB7F5B,FFFBF0
AB7F5B,E1CEAD
FFFBF0,E1CEAD
D19B2F,FFF9EC
D19B2F,D1B791
FFF9EC,D1B791
524765,FFFBF0
524765,D5C7B3
FFFBF0,D5C7B3
FDEFE9,FDFAF1
FDEFE9,EEB5AF
FDFAF1,EEB5AF
CFA46B,F6EAD8
CFA46B,C5C0AC
F6EAD8,C5C0AC
FAEADD,FDFAF1
FAEADD,F9DBCF
FDFAF1,F9DBCF
C6A499,F4F0E8
C6A499,D4CEBF
F4F0E8,D4CEBF
CB8E81,DBD7C4
CB8E81,9DA693
DBD7C4,9DA693
E5A192,F1E5D7
E5A192,E3D2C0
F1E5D7,E3D2C0
FFECE9,FDF3E4
FFECE9,E9E2D7
FDF3E4,E9E2D7
F96653,FDFAF1
F96653,D4D0C5
FDFAF1,D4D0C5
FFDBEB,F7F6F1
FFDBEB,DFC6AA
F7F6F1,DFC6AA
AF9690,F4ECDB
AF9690,53433E
F4ECDB,53433E
C4989E,F7E5E6
C4989E,D8CFC1
F7E5E6,D8CFC1
F4C0C6,F5ECE7
F4C0C6,BCAA9F
F5ECE7,BCAA9F
FFE9ED,F7F6F1
FFE9ED,FFC9D3
F7F6F1,FFC9D3
F4A6A1,FFF0EA
F4A6A1,D5C7B3
FFF0EA,D5C7B3
AA3646,ECEBE5
AA3646,BAB6AB
ECEBE5,BAB6AB
9D5C75,F5EFE8
9D5C75,C1B4A0
F5EFE8,C1B4A0
9B6957,FAF3E6
9B6957,CEBE9F
FAF3E6,CEBE9F
DC506E,ECEBE5
DC506E,AFB2A7
ECEBE5,AFB2A7
FEE6DC,F7F6F1
FEE6DC,EFC5B5
F7F6F1,EFC5B5
FAE8E1,FDFAF1
FAE8E1,E2BEB4
FDFAF1,E2BEB4
C8756D,F1E7DB
C8756D,DCD3CE
F1E7DB,DCD3CE
7A5546,F5E4DE
7A5546,DEC1B8
F5E4DE,DEC1B8
418D84,F3F0E8
418D84,D2CFC1
F3F0E8,D2CFC1
A063A1,FFFBF0
A063A1,D8C7B6
FFFBF0,D8C7B6
8E3C3F,ECEBE5
8E3C3F,BAB6AB
ECEBE5,BAB6AB
614A7B,F7F6F1
614A7B,D5C7B3
F7F6F1,D5C7B3
FACF58,FFFCEC
FACF58,BBB3A2
FFFCEC,BBB3A2
A5654E,FFFBF0
A5654E,E5C1A7
FFFBF0,E5C1A7
E3D9A0,F6ECD6
E3D9A0,EEDAD1
F6ECD6,EEDAD1
965849,E3E1CC
965849,959988
E3E1CC,959988
CDB9A2,FFFBF0
CDB9A2,91A2A6
FFFBF0,91A2A6
F5BFB2,F5EAE3
F5BFB2,D6C3B9
F5EAE3,D6C3B9
EDB384,FFEFDD
EDB384,D5C6BD
FFEFDD,D5C6BD
A87F5F,FCF0E5
A87F5F,E9CFBB
FCF0E5,E9CFBB
AF7B57,FFFFE9
AF7B57,EDCCB3
FFFFE9,EDCCB3
AB927A,E5DFCD
AB927A,A5B4B6
E5DFCD,A5B4B6
8A534E,EBE6D7
8A534E,BA947F
EBE6D7,BA947F
4A87CB,FFF9EC
4A87CB,D8C7B6
FFF9EC,D8C7B6
7B8B5D,EDF2E0
7B8B5D,C5D2B1
EDF2E0,C5D2B1
D5C3AD,F7EFDE
D5C3AD,D2806C
F7EFDE,D2806C
55B4DE,FDFAF1
55B4DE,D6BA9B
FDFAF1,D6BA9B
99C3F0,FAF7F0
99C3F0,E3CBA8
FAF7F0,E3CBA8
ECE0C4,FFF9E4
ECE0C4,C6B183
FFF9E4,C6B183
8BA673,E9F3E1
8BA673,D8CFC1
E9F3E1,D8CFC1
45494D,F7F6F1
45494D,CCD3D8
F7F6F1,CCD3D8
CAD2D4,FFFBF0
CAD2D4,D8C7B6
FFFBF0,D8C7B6
FFA8A6,FFF1F1
FFA8A6,D4D0C5
FFF1F1,D4D0C5
648FA4,F4F0E1
648FA4,D5CDB4
F4F0E1,D5CDB4
F5E9D9,FDFAF1
F5E9D9,D6C0A4
FDFAF1,D6C0A4
2F6679,F4F0E1
2F6679,BEA781
F4F0E1,BEA781
527585,E6E3D6
527585,BAB6AB
E6E3D6,BAB6AB
66B2E4,FDF3E4
66B2E4,D6C5A9
FDF3E4,D6C5A9
E2D6BD,FAF3E6
E2D6BD,B6C5C1
FAF3E6,B6C5C1
E3D2C0,F7F6F1
E3D2C0,9D8164
F7F6F1,9D8164
C8AE96,FAF3E6
C8AE96,85443F
FAF3E6,85443F
E5D7C4,FDFAF1
E5D7C4,C7C4A5
FDFAF1,C7C4A5
9E7C5E,F9EDE2
9E7C5E,E1CBB6
F9EDE2,E1CBB6
FEE2BE,FDF3E4
FEE2BE,CCBEAC
FDF3E4,CCBEAC
F9E2D0,FFFBEE
F9E2D0,E5A192
FFFBEE,E5A192
F2E9BB,FFFAE5
F2E9BB,EEE2D5
FFFAE5,EEE2D5
B14566,FFF8EE
B14566,EAD0A9
FFF8EE,EAD0A9
CC9469,E3DAC6
CC9469,B8A88A
E3DAC6,B8A88A
A75A4C,E5DFCD
A75A4C,E2CC9C
E5DFCD,E2CC9C
DFB45F,FFF9EC
DFB45F,D8C7B6
FFF9EC,D8C7B6
99A8C9,F7EFDD
99A8C9,D4D0C5
F7EFDD,D4D0C5
FFE4C6,FFF8EE
FFE4C6,DCD3CE
FFF8EE,DCD3CE
FFF8EE,F8F5E9
FFF8EE,FFE3F4
F8F5E9,FFE3F4
FFD8DC,FFFDF2
FFD8DC,EFDFCF
FFFDF2,EFDFCF
FFB989,FFF6E9
FFB989,E2D0B9
FFF6E9,E2D0B9
922E4A,F7F6F1
922E4A,DBDBDA
F7F6F1,DBDBDA
A53B3D,FDFAF1
A53B3D,D8C7B6
FDFAF1,D8C7B6
8B714C,E2D8C2
8B714C,B8A88A
E2D8C2,B8A88A
D1DAD5,FAF7F0
D1DAD5,96A69F
FAF7F0,96A69F
C7C4A5,F4F1EB
C7C4A5,817A69
F4F1EB,817A69
818A40,F4F0E8
818A40,DFC6AA
F4F0E8,DFC6AA
87E0CF,F5ECDC
87E0CF,E8DBC5
F5ECDC,E8DBC5
C7BDA8,F6EFE1
C7BDA8,9DD8DB
F6EFE1,9DD8DB
65869B,FFFBF0
65869B,CDB9A2
FFFBF0,CDB9A2
AECAC8,E1EEEC
AECAC8,E3D2C0
E1EEEC,E3D2C0
E6B99F,F5EFE8
E6B99F,D8CFC1
F5EFE8,D8CFC1
5D7759,F4F0E8
5D7759,D4CEBF
F4F0E8,D4CEBF
C6876F,FFFDF2
C6876F,D5B59C
FFFDF2,D5B59C
6F6D56,FAF7F0
6F6D56,D0D1C1
FAF7F0,D0D1C1
737054,F2F1E6
737054,D1D2BF
F2F1E6,D1D2BF
BF7C45,FFFDEB
BF7C45,EFDBA7
FFFDEB,EFDBA7
F8EEF4,F7F6F1
F8EEF4,FBDAE8
F7F6F1,FBDAE8
B8A88A,F6EFE1
B8A88A,91989D
F6EFE1,91989D
C5C0AC,EDE9DD
C5C0AC,706048
EDE9DD,706048
9B8E54,F7F2DD
9B8E54,DBD4AB
F7F2DD,DBD4AB
8E824A,F7F2DD
8E824A,DBD4AB
F7F2DD,DBD4AB
688049,FDFAF1
688049,AFB2A7
FDFAF1,AFB2A7
F3EBA5,FDFAF1
F3EBA5,E4E4DA
FDFAF1,E4E4DA
788788,E6E3D6
788788,BAB6AB
E6E3D6,BAB6AB
EEF1EA,FDFAF1
EEF1EA,F2E0C5
FDFAF1,F2E0C5
DBD6CB,FDFAF1
DBD6CB,915D88
FDFAF1,915D88
B3AB98,FFFEED
B3AB98,3E7A85
FFFEED,3E7A85
6C6556,F4F1EB
6C6556,D4D0C5
F4F1EB,D4D0C5
C5F5E8,FDFAF1
C5F5E8,E6E3D8
FDFAF1,E6E3D8
358D52,EAE8E4
358D52,BEB4A8
EAE8E4,BEB4A8
CADCDE,F8F5E9
CADCDE,D5C6BD
F8F5E9,D5C6BD
FFECC2,F6EAD8
FFECC2,FDE1F0
F6EAD8,FDE1F0
EFE2F2,F4F0E8
EFE2F2,D4CEBF
F4F0E8,D4CEBF
FFF7E7,FDFAF1
FFF7E7,ECBF9F
FDFAF1,ECBF9F
FFE8E5,F7F6F1
FFE8E5,EEB5AF
F7F6F1,EEB5AF
FFFEDF,F7F6F1
FFFEDF,EEE2D5
F7F6F1,EEE2D5
5E6063,FDFAF1
5E6063,D5D7D9
FDFAF1,D5D7D9
DBD1E8,F8F5E9
DBD1E8,E8DCD5
F8F5E9,E8DCD5
989EA7,FDFAF1
989EA7,F1D5AE
FDFAF1,F1D5AE
CCD3D8,FFFDF2
CCD3D8,EA8386
FFFDF2,EA8386
EDD1D3,FFFBF0
EDD1D3,C4989E
FFFBF0,C4989E
F5E6D3,F7F6F1
F5E6D3,D6BA9B
F7F6F1,D6BA9B
A9C08A,FDF9EF
A9C08A,D6BA9B
FDF9EF,D6BA9B
6C705E,F4ECDB
6C705E,C6B788
F4ECDB,C6B788
F3F3D9,F7F6F1
F3F3D9,E1DDBF
F7F6F1,E1DDBF
EEE2D5,F7F6F1
EEE2D5,BFAA97
F7F6F1,BFAA97
FCC792,FFF5E4
FCC792,D5C6BD
FFF5E4,D5C6BD
DBE9ED,FFFCEC
DBE9ED,E2D8C3
FFFCEC,E2D8C3
E9F1EC,F7F6F1
E9F1EC,BFD1C9
F7F6F1,BFD1C9
FEF2C7,FDFAF1
FEF2C7,EDD481
FDFAF1,EDD481
CBCDC4,ECEBE5
CBCDC4,AFD77F
ECEBE5,AFD77F
B6B5B8,FDFAF1
B6B5B8,9F2D47
FDFAF1,9F2D47
E3E5E8,FDFAF1
E3E5E8,CCD3D8
FDFAF1,CCD3D8
D9DAD2,ECEBE5
D9DAD2,AFD77F
ECEBE5,AFD77F
E1DDBF,FDF6E7
E1DDBF,FFDCCC
FDF6E7,FFDCCC
D5DBD5,F8F5E9
D5DBD5,9DA7A0
F8F5E9,9DA7A0
DEDDDD,F7F6F1
DEDDDD,F5E6D3
F7F6F1,F5E6D3
BBBFC3,F7F6F1
BBBFC3,CAD6C4
F7F6F1,CAD6C4
C6C6C6,FBF1DF
C6C6C6,C8756D
FBF1DF,C8756D
A6AEAA,EBE9D8
A6AEAA,ECD8B1
EBE9D8,ECD8B1
D8DADB,FDFAF1
D8DADB,B1B6A3
FDFAF1,B1B6A3
87A1B1,FCF0E5
87A1B1,D5B59C
FCF0E5,D5B59C
D3D3D2,FDFAF1
D3D3D2,CDBACB
FDFAF1,CDBACB
B7BDC4,E5E7E9
B7BDC4,D28085
E5E7E9,D28085
CADFDD,FDFAF1
CADFDD,8CAEAC
FDFAF1,8CAEAC
8599A8,FCF7EB
8599A8,CDB9A2
FCF7EB,CDB9A2
F9A3AA,FFFCEC
F9A3AA,BBB3A2
FFFCEC,BBB3A2
A6A1D7,FFFBEE
A6A1D7,D6C0A4
FFFBEE,D6C0A4
383E5D,E6E3D6
383E5D,B9B297
E6E3D6,B9B297
70939E,E5DFCD
70939E,CCAC86
E5DFCD,CCAC86
D0DBD7,F6F4EF
D0DBD7,C5B9B4
F6F4EF,C5B9B4
A7C2EB,FDFAF1
A7C2EB,D5C6BD
FDFAF1,D5C6BD
40535D,F7F6F1
40535D,C2D7DF
F7F6F1,C2D7DF
E1697C,FFFDF2
E1697C,D6C3B9
FFFDF2,D6C3B9
CB904E,FDF3E4
CB904E,CEBE9F
FDF3E4,CEBE9F
D2B698,FFFDEB
D2B698,95A7A4
FFFDEB,95A7A4
2D517C,F7F6F1
2D517C,BFAA97
F7F6F1,BFAA97
8775A1,F4F0E8
8775A1,BBB3A2
F4F0E8,BBB3A2
939789,ECEBE5
939789,576A7D
ECEBE5,576A7D
D9E6E8,FFF4E8
D9E6E8,FEE9DA
FFF4E8,FEE9DA
7196A6,E5DFCD
7196A6,A89887
E5DFCD,A89887
817D68,F3F0E8
817D68,D2CFC1
F3F0E8,D2CFC1
AFA8A9,E0DCDB
AFA8A9,00748E
E0DCDB,00748E
C7D7E0,FFFBF0
C7D7E0,FFE8C7
FFFBF0,FFE8C7
6CCC7B,E7E3DB
6CCC7B,BAB6A9
E7E3DB,BAB6A9
E0DCDB,FDFAF1
E0DCDB,AFA8A9
FDFAF1,AFA8A9
F4EAF0,F7F6F1
F4EAF0,CDBACB
F7F6F1,CDBACB
EFF0F0,FDFAF1
EFF0F0,ADC5C9
FDFAF1,ADC5C9
EDF2E0,F7F6F1
EDF2E0,C5D2B1
F7F6F1,C5D2B1
D3DBEC,FFFBF0
D3DBEC,E8DECE
FFFBF0,E8DECE
FFF9E2,FDFAF1
FFF9E2,F9DBCF
FDFAF1,F9DBCF
CECDC5,F3E4D3
CECDC5,CB8E81
F3E4D3,CB8E81
B9E5E8,FDFAF1
B9E5E8,E2D8C3
FDFAF1,E2D8C3
EFB6D8,F8F5E9
EFB6D8,D8DADB
F8F5E9,D8DADB
838298,F4F2EA
838298,B5B8A8
F4F2EA,B5B8A8
FFEEE0,F7F6F1
FFEEE0,E8DCD5
F7F6F1,E8DCD5
FBF1DF,E5D2B0
F6E5F6,FDFAF1
F6E5F6,E8DCD5
FDFAF1,E8DCD5
D9A077,F7ECD8
D9A077,FCE5BF
F7ECD8,FCE5BF
E2D4DF,FDFAF1
E2D4DF,D8CFC1
FDFAF1,D8CFC1
E6F9F1,FDFAF1
E6F9F1,B6E5D6
FDFAF1,B6E5D6
CCE1C7,FDFAF1
CCE1C7,D8CFC1
FDFAF1,D8CFC1
FFDCD2,FFF8EE
FFDCD2,E9DCD1
FFF8EE,E9DCD1
FFF3F0,FDFAF1
FFF3F0,D6C3B9
FDFAF1,D6C3B9
EBF8EF,FDFAF1
EBF8EF,E9D3BA
FDFAF1,E9D3BA
949EA2,FAF7F0
949EA2,CFD5D7
FAF7F0,CFD5D7
C8BAD4,FFF9EC
C8BAD4,DACBA7
FFF9EC,DACBA7
F7F9E9,F7F6F1
F7F9E9,D8CFC1
F7F6F1,D8CFC1
FCE9B9,FFFBF0
FCE9B9,E1DDBF
FFFBF0,E1DDBF
E9CB2E,F3F0E8
E9CB2E,D2CFC1
F3F0E8,D2CFC1
DDCB91,EBE6D7
DDCB91,9EB1AE
EBE6D7,9EB1AE
90A58A,EBE9D8
90A58A,CBB68F
EBE9D8,CBB68F
C89672,FFF9E2
C89672,EDCCB3
FFF9E2,EDCCB3
555E5F,FDFAF1
555E5F,CAD3D4
FDFAF1,CAD3D4
A49688,F0EFEB
A49688,ACBDB1
F0EFEB,ACBDB1
D2C785,FFFEED
D2C785,E3D2C0
FFFEED,E3D2C0
FFEEA5,F3EDDE
FFEEA5,D8E4DE
F3EDDE,D8E4DE
CC6758,EDE9DD
CC6758,C5C0AC
EDE9DD,C5C0AC
9A8557,F7EEDB
9A8557,DACBA7
F7EEDB,DACBA7
AEB5C7,F5EBE1
AEB5C7,BFAA97
F5EBE1,BFAA97
A1A867,FFFEED
A1A867,CDB386
FFFEED,CDB386
C57556,F0E8D9
C57556,BCAB8C
F0E8D9,BCAB8C
FFE8C7,FAF7F0
FFE8C7,DDDCBF
FAF7F0,DDDCBF
FFFDEB,F7F6F1
FFFDEB,F3E5CB
F7F6F1,F3E5CB
D2D5DA,FAEEDB
D2D5DA,B49161
FAEEDB,B49161
D6EDF1,FFFDF2
D6EDF1,D8CFC1
FFFDF2,D8CFC1
B1EAE8,FDFAF1
B1EAE8,E9D8C2
FDFAF1,E9D8C2
B87243,FFF8E3
B87243,E2DCAB
FFF8E3,E2DCAB
86493F,D2CDBC
86493F,9A9E88
D2CDBC,9A9E88
85443F,FDF9EF
85443F,D8C7B6
FDF9EF,D8C7B6
53433E,F0EFEB
53433E,A49688
F0EFEB,A49688
FFBB72,F7F6F1
FFBB72,EFE0C6
F7F6F1,EFE0C6
CFA33B,FFF9EC
CFA33B,FBE3A1
FFF9EC,FBE3A1
C75433,FFF9D8
C75433,FBE3A1
FFF9D8,FBE3A1
B1CDAC,F7F6F1
B1CDAC,D6CFBF
F7F6F1,D6CFBF
6A8B98,FDFAF1
6A8B98,D8C7B6
FDFAF1,D8C7B6
3194CE,D5EDFB
3194CE,E3D2C0
D5EDFB,E3D2C0
D1D2BF,F6EEDF
D1D2BF,9D9C7E
F6EEDF,9D9C7E
F5EAE3,FDFAF1
F5EAE3,D6C3B9
FDFAF1,D6C3B9
8BE0BA,FFFCEC
8BE0BA,E8DCD5
FFFCEC,E8DCD5
FFF6C2,FFFDEB
FFF6C2,EEE2D5
FFFDEB,EEE2D5
B3CDAC,F9EDE2
B3CDAC,E1CBB6
F9EDE2,E1CBB6
F8FAEE,FDFAF1
F8FAEE,CAD6C4
FDFAF1,CAD6C4
558961,F0E8D9
558961,D2C6AE
F0E8D9,D2C6AE
4A754A,FFFCEC
4A754A,D8C7B6
FFFCEC,D8C7B6
A8C3AA,F4F1EB
A8C3AA,D4D0C5
F4F1EB,D4D0C5
F9D7EE,F8EEF4
F9D7EE,D8DADB
F8EEF4,D8DADB
C0B05D,F5EFE8
C0B05D,D8CFC1
F5EFE8,D8CFC1
ABDCEE,E8F7FD
ABDCEE,D5C6BD
E8F7FD,D5C6BD
ECFCEC,F7F6F1
ECFCEC,BFD4C4
F7F6F1,BFD4C4
FFFFEF,F7F6F1
FFFFEF,EEF9C1
F7F6F1,EEF9C1
EBEEF3,F7F6F1
EBEEF3,AEB9BC
F7F6F1,AEB9BC
6F6A52,EDE9DD
6F6A52,C5C0AC
EDE9DD,C5C0AC
FAE2ED,F7F6F1
FAE2ED,E4B3CC
F7F6F1,E4B3CC
658F7C,F0EFEB
658F7C,D8CEB9
F0EFEB,D8CEB9
BCAB9C,F4F0E1
BCAB9C,9EB1AE
F4F0E1,9EB1AE
5796A1,FFFDF2
5796A1,D2C6AE
FFFDF2,D2C6AE
75DBC1,F5ECE7
75DBC1,D5C6BD
F5ECE7,D5C6BD
414549,FAEEDB
414549,BFC9D0
FAEEDB,BFC9D0
4664A5,FAF7F0
4664A5,C6C6C6
FAF7F0,C6C6C6
577A6C,F7F6F1
577A6C,D2C6AE
F7F6F1,D2C6AE
B1CFC7,F4F0E8
B1CFC7,D4CEBF
F4F0E8,D4CEBF
FFF4DD,F7F6F1
FFF4DD,FFD9AA
F7F6F1,FFD9AA
C5B5A4,F7F6F1
C5B5A4,B6C4BD
F7F6F1,B6C4BD
8D8F8E,F0EFEB
8D8F8E,ACBDB1
F0EFEB,ACBDB1
FFF8E1,F7F6F1
FFF8E1,E7E2D6
F7F6F1,E7E2D6
806852,F7F6F1
806852,D8C7B6
F7F6F1,D8C7B6
52706C,E1EEEC
52706C,AECAC8
E1EEEC,AECAC8
7D867C,E8EBE7
7D867C,BCC4BD
E8EBE7,BCC4BD
8F9183,F8F5E9
8F9183,D9DAD2
F8F5E9,D9DAD2
7A7B75,EBE6D7
7A7B75,BEA781
EBE6D7,BEA781
E4EFE5,FDFAF1
E4EFE5,FFFCD3
FDFAF1,FFFCD3
8BA8AE,F6EBD7
8BA8AE,D8C7B6
F6EBD7,D8C7B6
CCB49A,F3F2E1
CCB49A,C7C7A1
F3F2E1,C7C7A1
808283,F7F6F1
808283,BFAA97
F7F6F1,BFAA97
4A657A,FDFAF1
4A657A,D6C0A4
FDFAF1,D6C0A4
FFDADC,F7EFDD
FFDADC,E3D2C0
F7EFDD,E3D2C0
FFF0EA,FDFAF1
FFF0EA,E4658E
FDFAF1,E4658E
FFA2AA,F7F6F1
FFA2AA,F3E5CB
F7F6F1,F3E5CB
E34B50,F7F6F1
E34B50,B9BABA
F7F6F1,B9BABA
FA8E99,F5EFE8
FA8E99,D8CFC1
F5EFE8,D8CFC1
C03543,F7F6F1
C03543,B8A487
F7F6F1,B8A487
E8DECE,F4F0E3
E8DECE,B6C5C1
F4F0E3,B6C5C1
E8DCD5,F5ECE7
E8DCD5,BCAA9F
F5ECE7,BCAA9F
ADAC7C,F0E8D9
ADAC7C,D2C6AE
F0E8D9,D2C6AE
D79043,F7EFDD
D79043,D8C7B6
F7EFDD,D8C7B6
ECD0A1,F0EFEB
ECD0A1,F1E6CC
F0EFEB,F1E6CC
F2E2A4,FDFAF1
F2E2A4,CBC5C6
FDFAF1,CBC5C6
FFF0E1,F7F6F1
FFF0E1,D9A077
F7F6F1,D9A077
A58B34,F4F2EA
A58B34,B5B8A8
F4F2EA,B5B8A8
FFE078,FFFEE4
FFE078,D5C7B3
FFFEE4,D5C7B3
FFEFC2,FFFBF0
FFEFC2,EEE2D5
FFFBF0,EEE2D5
0077A7,FFFBF0
0077A7,E1CEAD
FFFBF0,E1CEAD
36576A,FAF3E6
36576A,CEBE9F
FAF3E6,CEBE9F
F5F0D1,FDFAF1
F5F0D1,E2DCAB
FDFAF1,E2DCAB
D1D9D7,ECEBE5
D1D9D7,CECDC5
ECEBE5,CECDC5
DED1A3,E3E1CC
DED1A3,A9B49A
E3E1CC,A9B49A
FFDC00,FDFAF1
FFDC00,CBCDC4
FDFAF1,CBCDC4
F2D178,FFFCEC
F2D178,C5C0AC
FFFCEC,C5C0AC
997651,F7F6F1
997651,D6BA9B
F7F6F1,D6BA9B
FFFED9,F5ECE7
FFFED9,E8DCD5
F5ECE7,E8DCD5
FFE7A3,FDF9EF
FFE7A3,EDECD7
FDF9EF,EDECD7
FFE29B,FFF6DA
FFE29B,D5C6BD
FFF6DA,D5C6BD
FFF2A0,F8F5E9
FFF2A0,D2C6AE
F8F5E9,D2C6AE
AB9A6E,EBE6D7
AB9A6E,AD8047
EBE6D7,AD8047
F5C99E,FAECD9
F5C99E,FEDEBC
FAECD9,FEDEBC
F0BE3A,FFFBF0
F0BE3A,DBD4AB
FFFBF0,DBD4AB
6B443D,FDFAF1
6B443D,E8C8B8
FDFAF1,E8C8B8
DBA637,E5DFCD
DBA637,B0B08E
E5DFCD,B0B08E
EED053,EBE9D8
EED053,C6B788
EBE9D8,C6B788
DCB397,F7F6F1
DCB397,D8C7B6
F7F6F1,D8C7B6
FEE2B2,F6EFE1
FEE2B2,BAB6AB
F6EFE1,BAB6AB
FFF8D9,F7F6F1
FFF8D9,F2E2A4
F7F6F1,F2E2A4
3377A2,ECEBE5
3377A2,A2B0A8
ECEBE5,A2B0A8
9ACAD3,F5EFE8
9ACAD3,D8CFC1
F5EFE8,D8CFC1
F7F1E2,D2C6AE
FFFCD7,F7F6F1
FFFCD7,F8EC9E
F7F6F1,F8EC9E
FFF8E4,F7F6F1
FFF8E4,FFE8C3
F7F6F1,FFE8C3
5FD1BA,F2F0E8
5FD1BA,D0D1C1
F2F0E8,D0D1C1
D87C3B,F5EFE8
D87C3B,C1B4A0
F5EFE8,C1B4A0
FFC4DD,F4F1EB
FFC4DD,E7E3DB
F4F1EB,E7E3DB
FFD8F0,FFF4E8
FFD8F0,EFDFCF
FFF4E8,EFDFCF
FFC5D5,FFFDF2
FFC5D5,E2D8C3
FFFDF2,E2D8C3
FFC9D3,F5E9D9
FFC9D3,D6C0A4
F5E9D9,D6C0A4
F3C3D8,FDF3E4
F3C3D8,D1D2BF
FDF3E4,D1D2BF
E1BBDB,FFF9EC
E1BBDB,E9CFBB
FFF9EC,E9CFBB
FFE5EF,F7EFDD
FFE5EF,D8C7B6
F7EFDD,D8C7B6
F8F5E9,E3D2C0
959E8F,F8F5E9
959E8F,D1B791
F8F5E9,D1B791
FEA6C8,FDFAF1
FEA6C8,C2B1A1
FDFAF1,C2B1A1
FFDCB7,FFF5E4
FFDCB7,E2D8C3
FFF5E4,E2D8C3
707E84,FBF1DF
707E84,D8C7B6
FBF1DF,D8C7B6
C19E78,F8EEE3
C19E78,E9D3BA
F8EEE3,E9D3BA
F0BD9E,F5EFE8
F0BD9E,D8CFC1
F5EFE8,D8CFC1
F1D7CE,FFFBF0
F1D7CE,CCA195
FFFBF0,CCA195
D0B25C,FFFBF0
D0B25C,CCBEAC
FFFBF0,CCBEAC
FF8449,F1E7DB
FF8449,D4D0C5
F1E7DB,D4D0C5
FF9E4B,FFF8E4
FF9E4B,D8CFC1
FFF8E4,D8CFC1
F7F2DD,FDFAF1
F7F2DD,DBD4AB
FDFAF1,DBD4AB
767A49,F2F1DC
767A49,E2E5C7
F2F1DC,E2E5C7
797B80,D5D7D9
797B80,69444F
D5D7D9,69444F
FFFCE4,FFFCEC
FFFCE4,EEE2D5
FFFCEC,EEE2D5
957046,FAEEDB
957046,E3CBA8
FAEEDB,E3CBA8
D19776,FFF4EB
D19776,E1CBB6
FFF4EB,E1CBB6
978B71,F4F0E1
978B71,D5CFBD
F4F0E1,D5CFBD
726259,F4F1E8
726259,B1B6A3
F4F1E8,B1B6A3
F5EBE1,FDFAF1
F5EBE1,D8C7B6
FDFAF1,D8C7B6
1A6C76,F4F0E8
1A6C76,BBB3A2
F4F0E8,BBB3A2
0DACA7,F3F0E8
0DACA7,B9B5A4
F3F0E8,B9B5A4
02708C,FAF7F0
02708C,D6C5A9
FAF7F0,D6C5A9
007765,F7F6F1
007765,D2C5AE
F7F6F1,D2C5AE
D0EEFB,F7F6F1
D0EEFB,87CDED
F7F6F1,87CDED
C8A89E,F7F6F1
C8A89E,E9D8C2
F7F6F1,E9D8C2
9D8164,FDFAF1
9D8164,CDB9A2
FDFAF1,CDB9A2
68855A,FFFDF2
68855A,D8C7B6
FFFDF2,D8C7B6
FFCDAF,FFFBF0
FFCDAF,CCD3D8
FFFBF0,CCD3D8
BB6569,F4F0E8
BB6569,D4CEBF
F4F0E8,D4CEBF
D6BA9B,F8F5E9
D6BA9B,9DA28E
F8F5E9,9DA28E
B0B08E,E2D8C2
B0B08E,D8C095
E2D8C2,D8C095
EFE0C6,FFF9EC
EFE0C6,E2D4DF
FFF9EC,E2D4DF
E1EEEC,FDFAF1
E1EEEC,AECAC8
FDFAF1,AECAC8
296A9D,FDFAF1
296A9D,D8C7B6
FDFAF1,D8C7B6
587D79,EBE6D7
587D79,C0B28E
EBE6D7,C0B28E
DCD3CE,FDFAF1
DCD3CE,A79994
FDFAF1,A79994
69865B,FDFAF1
69865B,DCD8C7
FDFAF1,DCD8C7
E5A5C1,FFFBF0
E5A5C1,D2C5AE
FFFBF0,D2C5AE
698589,E7FAFA
698589,D5C6BD
E7FAFA,D5C6BD
B6BAA4,FAF7EB
B6BAA4,D8C7B6
FAF7EB,D8C7B6
D2A694,F3E4D3
D2A694,9B5953
F3E4D3,9B5953
BB9E3F,FDFAF1
BB9E3F,AFB2A7
FDFAF1,AFB2A7
CFF6F4,FDFAF1
CFF6F4,F2E0C5
FDFAF1,F2E0C5
C4B7D8,E6DEF0
C4B7D8,D9DAD2
E6DEF0,D9DAD2
E3E7C4,FDFAF1
E3E7C4,E2D0B9
FDFAF1,E2D0B9
D7E7DA,FDFAF1
D7E7DA,FFE8C7
FDFAF1,FFE8C7
DABD84,FDF2DB
DABD84,5796A1
FDF2DB,5796A1
FFF5E4,FDFAF1
FFF5E4,FFDCB7
FDFAF1,FFDCB7
8E9655,FFF9EC
8E9655,E1CEAD
FFF9EC,E1CEAD
EFDBA7,F7F6F1
EFDBA7,C8D1C4
F7F6F1,C8D1C4
F6EAD8,F7F6F1
F6EAD8,C5C0AC
F7F6F1,C5C0AC
F8FFF8,FDFAF1
F8FFF8,D8E4DE
FDFAF1,D8E4DE
E6E3D6,F0EFEB
E6E3D6,CECDC5
F0EFEB,CECDC5
BB8D3B,F4F0E3
BB8D3B,D5C7B3
F4F0E3,D5C7B3
C0B28E,EBE6D7
C0B28E,C69C5D
EBE6D7,C69C5D
BFAA97,F5EBE1
BFAA97,EEE2D5
F5EBE1,EEE2D5
CFD5A7,EFF2DB
CFD5A7,E2D6BD
EFF2DB,E2D6BD
ECE7F2,FDFAF1
ECE7F2,DED3E6
FDFAF1,DED3E6
D2D2DF,FFFBF0
D2D2DF,E2D6BD
FFFBF0,E2D6BD
629091,F4ECDB
629091,E3D4B9
F4ECDB,E3D4B9
8AC7BB,F4F0E8
8AC7BB,D4CEBF
F4F0E8,D4CEBF
FFE9E1,D8CFC1
DEC1B8,F5E4DE
DEC1B8,5E463C
F5E4DE,5E463C
DFC6AA,FDF3E4
DFC6AA,D9A077
FDF3E4,D9A077
726854,F4F0E8
726854,D4CEBF
F4F0E8,D4CEBF
8EA597,ECEBE5
8EA597,B3B5AF
ECEBE5,B3B5AF
91B6AC,FAF3E6
91B6AC,CEBE9F
FAF3E6,CEBE9F
EAEFE5,FDFAF1
EAEFE5,CAD6C4
FDFAF1,CAD6C4
494F62,E6E3D6
494F62,BAB4A6
E6E3D6,BAB4A6
B9B79B,F7F6F1
B9B79B,E4E4D5
F7F6F1,E4E4D5
F4F0E3,F7F6F1
F4F0E3,E8DECE
F7F6F1,E8DECE
009D7D,FDFAF1
009D7D,D5C6BD
FDFAF1,D5C6BD
1E98AE,F5EFE8
1E98AE,C1B4A0
F5EFE8,C1B4A0
D2C478,FFFFE9
D2C478,D4CEBF
FFFFE9,D4CEBF
008794,FBF1DF
008794,D2C6AE
FBF1DF,D2C6AE
BEE7E2,FDFAF1
BEE7E2,E6E3D8
FDFAF1,E6E3D8
536A79,F4F0E8
536A79,BBB3A2
F4F0E8,BBB3A2
73B7A5,FDFAF1
73B7A5,D8C7B6
FDFAF1,D8C7B6
B6B5A0,FDFAF1
B6B5A0,E3E3D7
FDFAF1,E3E3D7
A08D71,F4F0E3
A08D71,D5C7B3
F4F0E3,D5C7B3
FFD84D,FAF3E6
FFD84D,CEBE9F
FAF3E6,CEBE9F
FEA7BD,FDFAF1
FEA7BD,D5C6BD
FDFAF1,D5C6BD
A79994,ECE5E1
A79994,DCD3CE
ECE5E1,DCD3CE
7B85C6,E6E9F9
7B85C6,D8CFC1
E6E9F9,D8CFC1
B7A86D,F5EFE8
B7A86D,ECE6C8
F5EFE8,ECE6C8
FFFAC1,FFFCE3
FFFAC1,E8DECE
FFFCE3,E8DECE
BED3E1,FFF0E1
BED3E1,FEE8D6
FFF0E1,FEE8D6
BE9E48,F5EFE8
BE9E48,D8CFC1
F5EFE8,D8CFC1
9C9680,F3F0E8
9C9680,D2CFC1
F3F0E8,D2CFC1
DE5730,F4F1EB
DE5730,D4D0C5
F4F1EB,D4D0C5
6F9587,E3F1EB
6F9587,D4CEBF
E3F1EB,D4CEBF
FFDD9D,F8F5E9
FFDD9D,CCBEAC
F8F5E9,CCBEAC
FF8A4A,FBF1DF
FF8A4A,D4CBCC
FBF1DF,D4CBCC
FAF7EB,FDFAF1
FAF7EB,BFD1C9
FDFAF1,BFD1C9
FCEDE4,FDFAF1
FCEDE4,E8C8B8
FDFAF1,E8C8B8
FFFBF0,FDFAF1
FFFBF0,E2D6BD
FDFAF1,E2D6BD
EAEAEA,FDFAF1
EAEAEA,C0C3C4
FDFAF1,C0C3C4
8B8C40,F5EFE8
8B8C40,C1B4A0
F5EFE8,C1B4A0
5CCD97,F7F6F1
5CCD97,D8C7B6
F7F6F1,D8C7B6
CFD5D7,FDFAF1
CFD5D7,596062
FDFAF1,596062
B19BB0,FDF3E4
B19BB0,E3D2C0
FDF3E4,E3D2C0
656D63,E8EBE7
656D63,BCC4BD
E8EBE7,BCC4BD
61A9A5,F4F0E1
61A9A5,CCAC86
F4F0E1,CCAC86
AF9968,F7EEDB
AF9968,DACBA7
F7EEDB,DACBA7
75794A,EBE6D7
75794A,E2CC9C
EBE6D7,E2CC9C
7FB383,F4F1EB
7FB383,D4D0C5
F4F1EB,D4D0C5
E9D3BA,FFFBF0
E9D3BA,B1CFC7
FFFBF0,B1CFC7
FFBD31,F2EDEC
FFBD31,E9E2D7
F2EDEC,E9E2D7
804B81,F5ECDC
804B81,BFA984
F5ECDC,BFA984
00B191,ECEBE5
00B191,D2CDBC
ECEBE5,D2CDBC
D28085,F4F0E3
D28085,D5C7B3
F4F0E3,D5C7B3
B079A7,F4F1EB
B079A7,D4D0C5
F4F1EB,D4D0C5
819E84,E4EFE5
819E84,E3D2C0
E4EFE5,E3D2C0
D8CEB9,F6EFE1
D8CEB9,7196A6
F6EFE1,7196A6
9E3641,EBE6D7
9E3641,D8CEB9
EBE6D7,D8CEB9
EFECEF,B5B6CE
D8D3E6,FFFDF2
D8D3E6,EEE2D5
FFFDF2,EEE2D5
C4C0E9,F7EFDD
C4C0E9,D4D0C5
F7EFDD,D4D0C5
F0A0D1,FDF9EF
F0A0D1,D2D5DA
FDF9EF,D2D5DA
644982,F5E9D9
644982,C0A480
F5E9D9,C0A480
4D4860,EFEDEE
4D4860,D6C3B9
EFEDEE,D6C3B9
2E484F,E6E3D6
2E484F,A89887
E6E3D6,A89887
B39953,E5DFCD
B39953,C0B28E
E5DFCD,C0B28E
AE5883,F4F0E8
AE5883,BBB3A2
F4F0E8,BBB3A2
6C757D,FDFAF1
6C757D,CCD3D8
FDFAF1,CCD3D8
E2C779,FFF6D7
E2C779,D8CFC1
FFF6D7,D8CFC1
CDBDBA,EDE2E0
CDBDBA,C1D1E2
EDE2E0,C1D1E2
3D87BB,FFF9EC
3D87BB,E3CBA8
FFF9EC,E3CBA8
AA8344,FDF3E4
AA8344,D0D1C1
FDF3E4,D0D1C1
999B9B,FBE9D8
999B9B,EDCCB3
FBE9D8,EDCCB3
73A4C6,DCECF5
73A4C6,CBCDC4
DCECF5,CBCDC4
876D5E,F5EAE3
876D5E,D6C3B9
F5EAE3,D6C3B9
CBB68F,EBE6D7
CBB68F,959988
EBE6D7,959988
D0B082,F7F6F1
D0B082,F2E0C5
F7F6F1,F2E0C5
BE9677,FCF0E5
BE9677,E9CFBB
FCF0E5,E9CFBB
FFF9D8,FDFAF1
FFF9D8,DCD8C7
FDFAF1,DCD8C7
F7F6F1,E2D6BD
AFD77F,F9FEE9
AFD77F,E3D2C0
F9FEE9,E3D2C0
5AB5CB,FDF9EF
5AB5CB,E5D2B0
FDF9EF,E5D2B0
C7C7A1,FFF9EC
C7C7A1,D6C5A9
FFF9EC,D6C5A9
D9DFE3,FDFAF1
D9DFE3,ACB8C1
FDFAF1,ACB8C1
E6E3D8,F7F6F1
E6E3D8,B9B5A4
F7F6F1,B9B5A4
74AEBA,F0E8D9
74AEBA,D2C6AE
F0E8D9,D2C6AE
F1E6CC,F6EFE1
F1E6CC,AF9690
F6EFE1,AF9690
F6ECD6,F7F6F1
F6ECD6,D2C6AE
F7F6F1,D2C6AE
9F947D,F4F0E8
9F947D,D4CEBF
F4F0E8,D4CEBF
7B9093,F0EFEB
7B9093,B9B297
F0EFEB,B9B297
59504C,FFFBEE
59504C,C7B39E
FFFBEE,C7B39E
EAD0A9,FDFAF1
EAD0A9,E5A192
FDFAF1,E5A192
90614A,FFFDEB
90614A,E8C8B8
FFFDEB,E8C8B8
B5745C,FEE6DC
B5745C,EFC5B5
FEE6DC,EFC5B5
FFFFE9,FDFAF1
FFFFE9,CCC7A1
FDFAF1,CCC7A1
E1ECA5,F7F6F1
E1ECA5,D9DAD2
F7F6F1,D9DAD2
9FE4AA,FDF9EF
9FE4AA,E9D3BA
FDF9EF,E9D3BA
B9B5A4,F3F0E8
B9B5A4,E6E3D8
F3F0E8,E6E3D8
9B6959,FDFAF1
9B6959,BBB3A2
FDFAF1,BBB3A2
DAA36F,F4F0E1
DAA36F,DED1A3
F4F0E1,DED1A3
A5A495,E6E3D6
A5A495,9B5953
E6E3D6,9B5953
65737E,F8F5E9
65737E,F1D5AE
F8F5E9,F1D5AE
FFF4E8,F7F6F1
FFF4E8,F9E2D0
F7F6F1,F9E2D0
DFBB7E,F8F5E9
DFBB7E,E1DDBF
F8F5E9,E1DDBF
C19851,E2D8C2
C19851,9DA693
E2D8C2,9DA693
E2D5D3,FFF9EC
E2D5D3,FACFCC
FFF9EC,FACFCC
E5E8F2,F8F5E9
E5E8F2,FEE8D6
F8F5E9,FEE8D6
FDFAF1,D6BA9B
E9E5DA,F7F6F1
E9E5DA,B8B8CB
F7F6F1,B8B8CB
CBEDE5,F7F6F1
CBEDE5,D4CEBF
F7F6F1,D4CEBF
ECECDA,FCF7EB
ECECDA,EEDAD1
FCF7EB,EEDAD1
FFF6D9,F7F6F1
FFF6D9,F8DCA3
F7F6F1,F8DCA3
F4ECDB,F0EFEB
F4ECDB,E2CAAF
F0EFEB,E2CAAF
F9F8EF,FDFAF1
F9F8EF,DBD4AB
FDFAF1,DBD4AB
FBF4E8,CCBEAC
FDF9EF,FDFAF1
FDF9EF,BEAC90
FDFAF1,BEAC90
E2E7E7,F7F6F1
E2E7E7,B4BCBF
F7F6F1,B4BCBF
F0EFEB,ECEBE5
F0EFEB,D9D9D6
ECEBE5,D9D9D6
F0E0DC,F7F6F1
F0E0DC,CDB1AB
F7F6F1,CDB1AB
F5EBD8,F7F6F1
F5EBD8,D2C6AE
F7F6F1,D2C6AE
F1FAEA,CAD6C4
F8EEE3,D5C6BD
A48B73,F5EBE1
A48B73,D8C7B6
F5EBE1,D8C7B6
795745,F3E4D3
795745,BA947F
F3E4D3,BA947F
B3D9F3,F8F5E9
B3D9F3,F7D8C4
F8F5E9,F7D8C4
38914A,FDFAF1
38914A,DDCDB3
FDFAF1,DDCDB3
8D6747,F4F0E1
8D6747,C8987E
F4F0E1,C8987E
FFE2C7,FFFDF2
FFE2C7,E2D5D3
FFFDF2,E2D5D3
695649,F8F5E9
695649,CDB9A2
F8F5E9,CDB9A2
7E9C6F,FAF3E6
7E9C6F,CEBE9F
FAF3E6,CEBE9F
7E5C52,FFFBF0
7E5C52,E2CCC7
FFFBF0,E2CCC7
8F886C,F7F6F1
8F886C,DCD8C7
F7F6F1,DCD8C7
C69C5D,E2D8C2
C69C5D,ECD0A1
E2D8C2,ECD0A1
EFF3F0,F7F6F1
EFF3F0,CADFDD
F7F6F1,CADFDD
F5ECE7,F7F6F1
F5ECE7,D5C6BD
F7F6F1,D5C6BD
5E6C62,FDFAF1
5E6C62,B6C4BD
FDFAF1,B6C4BD
D1F1F5,FDFAF1
D1F1F5,D4CEBF
FDFAF1,D4CEBF
E8EBE7,FDFAF1
E8EBE7,D5DBD5
FDFAF1,D5DBD5
643B46,EBE2CF
643B46,B8A88A
EBE2CF,B8A88A
69444F,FDFAF1
69444F,D6C5A9
FDFAF1,D6C5A9
8ECED8,F7F6F1
8ECED8,CDB9A2
F7F6F1,CDB9A2
83C7DF,FDFAF1
83C7DF,D8C7B6
FDFAF1,D8C7B6
B8B8CB,F8F3F6
B8B8CB,D6C0A4
F8F3F6,D6C0A4
B4E5EC,F7F6F1
B4E5EC,F2DEBC
F7F6F1,F2DEBC
EFE0C9,FDFAF1
EFE0C9,D5DBD5
FDFAF1,D5DBD5
E7FBEC,F7F6F1
E7FBEC,B6E9C8
F7F6F1,B6E9C8
D9D9D6,ECEBE5
D9D9D6,F3E7B4
ECEBE5,F3E7B4
F2FAED,FDFAF1
F2FAED,CFE7CB
FDFAF1,CFE7CB
E3EFDD,FDFAF1
E3EFDD,DBDBDA
FDFAF1,DBDBDA
E2EAF0,F7F6F1
E2EAF0,A3B9CD
F7F6F1,A3B9CD
94D2BF,FDFAF1
94D2BF,D9DAD2
FDFAF1,D9DAD2
F4F1E8,F7F6F1
F4F1E8,CDD0C0
F7F6F1,CDD0C0
D0D1C1,F8F5E9
D0D1C1,9C9C82
F8F5E9,9C9C82
E5E7E9,FDFAF1
E5E7E9,B7BDC4
FDFAF1,B7BDC4
C6AEAA,F7F6F1
C6AEAA,CACFDC
F7F6F1,CACFDC
BCA380,E5DFCD
BCA380,93807F
E5DFCD,93807F
91989D,DBD7C4
91989D,CC9469
DBD7C4,CC9469
A08475,F5EAE3
A08475,E8DAD1
F5EAE3,E8DAD1
B59B7E,F1E5D7
B59B7E,E3D2C0
F1E5D7,E3D2C0
A89983,F5EFE8
A89983,D8CFC1
F5EFE8,D8CFC1
8B8D63,F3F5E9
8B8D63,D5D8BC
F3F5E9,D5D8BC
405B50,F8F5E9
405B50,D6C0A4
F8F5E9,D6C0A4
E2ECF2,8FAACA
DCB639,FDFAF1
DCB639,B9BABA
FDFAF1,B9BABA
DDDCBF,FDFAF1
DDDCBF,AECAC8
FDFAF1,AECAC8
76856A,F5EAE3
76856A,D6C3B9
F5EAE3,D6C3B9
EB9552,FFF7E7
EB9552,DDCDB3
FFF7E7,DDCDB3
4D5A6B,EBE6D7
4D5A6B,DDCAAF
EBE6D7,DDCAAF
EAC853,FFF9EC
EAC853,D3D3D2
FFF9EC,D3D3D2
CEB736,F7F6F1
CEB736,D4D0C5
F7F6F1,D4D0C5
F9B500,F4F2EA
F9B500,D0D2C5
F4F2EA,D0D2C5
FEF6BE,F7F6F1
FEF6BE,DCD8C7
F7F6F1,DCD8C7
D3BFE5,FDFAF1
D3BFE5,D5C7B3
FDFAF1,D5C7B3
E2CAAF,ECEBE5
E2CAAF,C7C7C2
ECEBE5,C7C7C2
C3B4B3,FCF7EB
C3B4B3,B3CDAC
FCF7EB,B3CDAC
61496E,F5ECDC
61496E,D6C5A9
F5ECDC,D6C5A9
787E93,F5EFE8
787E93,D8CFC1
F5EFE8,D8CFC1
A7B3B7,F4F0E1
A7B3B7,E6D5BA
F4F0E1,E6D5BA
E9AF78,FFF9EC
E9AF78,E9E8BB
FFF9EC,E9E8BB
FFD678,FFF7E7
FFD678,E1DDBF
FFF7E7,E1DDBF
E8A64E,F1E4C8
E8A64E,F5C68B
F1E4C8,F5C68B
