name,code,url,family,r,g,b,
Adriatic Sea,SW6790,/en-us/color/color-family/blue-paint-colors/sw6790-adriatic-sea,Blue,1,96,129,
Adventure Orange,SW6655,/en-us/color/color-family/orange-paint-colors/sw6655-adventure-orange,Orange,230,159,95,
African Gray,SW9162,/en-us/color/color-family/neutral-paint-colors/sw9162-african-gray,Neutral,147,152,153,
African Violet,SW6982,/en-us/color/color-family/purple-paint-colors/sw6982-african-violet,Purple,102,83,133,
After the Rain,SW9047,/en-us/color/color-family/blue-paint-colors/sw9047-after-the-rain,Blue,139,196,209,
Afterglow,SW6667,/en-us/color/color-family/yellow-paint-colors/sw6667-afterglow,Yellow,246,205,142,
Afternoon,SW6675,/en-us/color/color-family/yellow-paint-colors/sw6675-afternoon,Yellow,251,203,120,
Agapanthus,SW9066,/en-us/color/color-family/purple-paint-colors/sw9066-agapanthus,Purple,187,197,222,
Aged White,SW9180,/en-us/color/color-family/white-paint-colors/sw9180-aged-white,White,232,222,205,
Alyssum,SW6589,/en-us/color/color-family/red-paint-colors/sw6589-alyssum,Red,242,213,215,
Amalfi,SW6783,/en-us/color/color-family/blue-paint-colors/sw6783-amalfi,Blue,1,110,133,
Amaryllis,SW6591,/en-us/color/color-family/red-paint-colors/sw6591-amaryllis,Red,237,147,157,
Amber Wave,SW6657,/en-us/color/color-family/orange-paint-colors/sw6657-amber-wave,Orange,210,130,64,
Antique Red,SW7587,/en-us/color/color-family/red-paint-colors/sw7587-antique-red,Red,159,68,66,
Antique White,SW6119,/en-us/color/color-family/white-paint-colors/sw6119-antique-white,White,232,220,198,
Aquarium,SW6767,/en-us/color/color-family/blue-paint-colors/sw6767-aquarium,Blue,58,169,174,
Aquastone,SW9043,/en-us/color/color-family/blue-paint-colors/sw9043-aquastone,Blue,137,198,183,
Aqueduct,SW6758,/en-us/color/color-family/blue-paint-colors/sw6758-aqueduct,Blue,161,213,203,
Argos,SW7065,/en-us/color/color-family/neutral-paint-colors/sw7065-argos,Neutral,189,189,183,
Argyle,SW6747,/en-us/color/color-family/green-paint-colors/sw6747-argyle,Green,52,138,93,
Arrowroote,SW9502,/en-us/color/color-family/white-paint-colors/sw9502-arrowroote,White,228,222,207,
Attitude Gray,SW7060,/en-us/color/color-family/neutral-paint-colors/sw7060-attitude-gray,Neutral,124,125,117,
Auric,SW6692,/en-us/color/color-family/yellow-paint-colors/sw6692-auric,Yellow,196,137,25,
Aviary Blue,SW6778,/en-us/color/color-family/blue-paint-colors/sw6778-aviary-blue,Blue,198,227,232,
Avid Apricot,SW6639,/en-us/color/color-family/orange-paint-colors/sw6639-avid-apricot,Orange,244,198,159,
Awesome Violet,SW6815,/en-us/color/color-family/purple-paint-colors/sw6815-awesome-violet,Purple,167,178,212,
Azalea Flower,SW6576,/en-us/color/color-family/red-paint-colors/sw6576-azalea-flower,Red,239,192,203,
Balanced Beige,SW7037,/en-us/color/color-family/neutral-paint-colors/sw7037-balanced-beige,Neutral,192,178,162,
Banana Cream,SW6673,/en-us/color/color-family/yellow-paint-colors/sw6673-banana-cream,Yellow,245,222,175,
Baroness,SW6837,/en-us/color/color-family/purple-paint-colors/sw6837-baroness,Purple,167,133,167,
Bathe Blue,SW6771,/en-us/color/color-family/blue-paint-colors/sw6771-bathe-blue,Blue,194,224,227,
Bauhaus Buff,SW7552,/en-us/color/color-family/white-paint-colors/sw7552-bauhaus-buff,White,231,219,204,
Bee,SW6683,/en-us/color/color-family/yellow-paint-colors/sw6683-bee,Yellow,241,186,85,
Begonia,SW6599,/en-us/color/color-family/red-paint-colors/sw6599-begonia,Red,215,108,110,
Bella Pink,SW6596,/en-us/color/color-family/red-paint-colors/sw6596-bella-pink,Red,241,198,196,
Bellini Fizz,SW9008,/en-us/color/color-family/orange-paint-colors/sw9008-bellini-fizz,Orange,245,199,142,
Berry Frappé,SW9068,/en-us/color/color-family/purple-paint-colors/sw9068-berry-frappe,Purple,179,161,198,
Biscuit,SW6112,/en-us/color/color-family/white-paint-colors/sw6112-biscuit,White,235,221,203,
Blissful Blue,SW6527,/en-us/color/color-family/purple-paint-colors/sw6527-blissful-blue,Purple,178,200,216,
Blue Chip,SW6959,/en-us/color/color-family/purple-paint-colors/sw6959-blue-chip,Purple,1,110,167,
Blue Horizon,SW6497,/en-us/color/color-family/blue-paint-colors/sw6497-blue-horizon,Blue,216,231,230,
Blue Mosque,SW6789,/en-us/color/color-family/blue-paint-colors/sw6789-blue-mosque,Blue,1,129,158,
Blue Nile,SW6776,/en-us/color/color-family/blue-paint-colors/sw6776-blue-nile,Blue,1,113,126,
Blue Plate,SW6796,/en-us/color/color-family/blue-paint-colors/sw6796-blue-plate,Blue,1,124,167,
Blue Sky,SW0063,/en-us/color/color-family/green-paint-colors/sw0063-blue-sky,Green,171,209,201,
Bluebell,SW6793,/en-us/color/color-family/blue-paint-colors/sw6793-bluebell,Blue,162,213,231,
Blueblood,SW6966,/en-us/color/color-family/purple-paint-colors/sw6966-blueblood,Purple,1,80,134,
Bluesy Note,SW9064,/en-us/color/color-family/purple-paint-colors/sw9064-bluesy-note,Purple,124,154,181,
Blushing,SW6617,/en-us/color/color-family/orange-paint-colors/sw6617-blushing,Orange,240,209,195,
Bolero,SW7600,/en-us/color/color-family/red-paint-colors/sw7600-bolero,Red,144,57,52,
Bora Bora Shore,SW9045,/en-us/color/color-family/blue-paint-colors/sw9045-bora-bora-shore,Blue,146,208,208,
Brave Purple,SW6823,/en-us/color/color-family/purple-paint-colors/sw6823-brave-purple,Purple,150,141,184,
Bravo Blue,SW6784,/en-us/color/color-family/blue-paint-colors/sw6784-bravo-blue,Blue,211,231,233,
Breathtaking,SW6814,/en-us/color/color-family/purple-paint-colors/sw6814-breathtaking,Purple,199,209,226,
Brick Paver,SW7599,/en-us/color/color-family/orange-paint-colors/sw7599-brick-paver,Orange,147,64,47,
Briny,SW6775,/en-us/color/color-family/blue-paint-colors/sw6775-briny,Blue,8,128,142,
Brittlebush,SW6684,/en-us/color/color-family/yellow-paint-colors/sw6684-brittlebush,Yellow,234,174,71,
Butter Up,SW6681,/en-us/color/color-family/yellow-paint-colors/sw6681-butter-up,Yellow,246,221,163,
Butterfield,SW6676,/en-us/color/color-family/yellow-paint-colors/sw6676-butterfield,Yellow,247,190,91,
Calypso,SW6950,/en-us/color/color-family/blue-paint-colors/sw6950-calypso,Blue,1,176,187,
Canvas Tan,SW7531,/en-us/color/color-family/white-paint-colors/sw7531-canvas-tan,White,220,209,191,
Capri,SW6788,/en-us/color/color-family/blue-paint-colors/sw6788-capri,Blue,1,160,184,
Captivating Cream,SW6659,/en-us/color/color-family/orange-paint-colors/sw6659-captivating-cream,Orange,244,217,177,
Carnival,SW6892,/en-us/color/color-family/orange-paint-colors/sw6892-carnival,Orange,235,136,44,
Casa Blanca,SW7571,/en-us/color/color-family/white-paint-colors/sw7571-casa-blanca,White,237,225,206,
Cay,SW6772,/en-us/color/color-family/blue-paint-colors/sw6772-cay,Blue,166,208,214,
Cayenne,SW6881,/en-us/color/color-family/orange-paint-colors/sw6881-cayenne,Orange,192,77,53,
Celestial,SW6808,/en-us/color/color-family/purple-paint-colors/sw6808-celestial,Purple,151,179,208,
Center Stage,SW6920,/en-us/color/color-family/green-paint-colors/sw6920-center-stage,Green,178,194,22,
Cerise,SW6580,/en-us/color/color-family/red-paint-colors/sw6580-cerise,Red,153,50,78,
Certain Peach,SW6625,/en-us/color/color-family/orange-paint-colors/sw6625-certain-peach,Orange,242,189,162,
Chamomile,SW6399,/en-us/color/color-family/yellow-paint-colors/sw6399-chamomile,Yellow,233,224,197,
Champagne,SW6644,/en-us/color/color-family/red-paint-colors/sw6644-champagne,Red,242,227,206,
Charisma,SW6605,/en-us/color/color-family/red-paint-colors/sw6605-charisma,Red,238,148,137,
Cheerful,SW6903,/en-us/color/color-family/yellow-paint-colors/sw6903-cheerful,Yellow,255,199,35,
Cheery,SW6584,/en-us/color/color-family/red-paint-colors/sw6584-cheery,Red,235,146,163,
Cherries Jubilee,SW6862,/en-us/color/color-family/red-paint-colors/sw6862-cherries-jubilee,Red,171,60,81,
Cheviot,SW9503,/en-us/color/color-family/white-paint-colors/sw9503-cheviot,White,246,242,232,
Childlike,SW6569,/en-us/color/color-family/red-paint-colors/sw6569-childlike,Red,232,192,207,
Chinese Red,SW0057,/en-us/color/color-family/red-paint-colors/sw0057-chinese-red,Red,158,62,51,
Choice Cream,SW6357,/en-us/color/color-family/white-paint-colors/sw6357-choice-cream,White,240,225,208,
Chopsticks,SW7575,/en-us/color/color-family/white-paint-colors/sw7575-chopsticks,White,224,209,184,
Citronella,SW6915,/en-us/color/color-family/yellow-paint-colors/sw6915-citronella,Yellow,203,169,1,
Cityscape,SW7067,/en-us/color/color-family/neutral-paint-colors/sw7067-cityscape,Neutral,127,129,126,
Classic Light Buff,SW0050,/en-us/color/color-family/white-paint-colors/sw0050-classic-light-buff,White,240,234,220,
Clematis,SW6831,/en-us/color/color-family/purple-paint-colors/sw6831-clematis,Purple,126,101,150,
Cloudless,SW6786,/en-us/color/color-family/blue-paint-colors/sw6786-cloudless,Blue,143,208,221,
Cold Foam,SW9504,/en-us/color/color-family/white-paint-colors/sw9504-cold-foam,White,239,236,227,
Comical Coral,SW6876,/en-us/color/color-family/orange-paint-colors/sw6876-comical-coral,Orange,243,209,200,
Coming up Roses,SW6585,/en-us/color/color-family/red-paint-colors/sw6585-coming-up-roses,Red,221,119,136,
Confident Yellow,SW6911,/en-us/color/color-family/yellow-paint-colors/sw6911-confident-yellow,Yellow,254,203,1,
Cooled Blue,SW6759,/en-us/color/color-family/blue-paint-colors/sw6759-cooled-blue,Blue,117,185,174,
Copper Harbor,SW6634,/en-us/color/color-family/orange-paint-colors/sw6634-copper-harbor,Orange,213,126,82,
Coral Bells,SW6593,/en-us/color/color-family/red-paint-colors/sw6593-coral-bells,Red,187,75,81,
Coral Reef,SW6606,/en-us/color/color-family/red-paint-colors/sw6606-coral-reef,Red,217,118,108,
Cosmetic Peach,SW6618,/en-us/color/color-family/orange-paint-colors/sw6618-cosmetic-peach,Orange,243,193,171,
Cosmos,SW6528,/en-us/color/color-family/purple-paint-colors/sw6528-cosmos,Purple,142,169,194,
Cotton,SW9581,/en-us/color/color-family/white-paint-colors/sw9581-cotton,White,238,235,225,
Cotton White,SW7104,/en-us/color/color-family/white-paint-colors/sw7104-cotton-white,White,247,239,227,
Creamy,SW7012,/en-us/color/color-family/white-paint-colors/sw7012-creamy,White,239,232,219,
Crème,SW7556,/en-us/color/color-family/white-paint-colors/sw7556-creme,White,244,232,210,
Crisp Linen,SW6378,/en-us/color/color-family/yellow-paint-colors/sw6378-crisp-linen,Yellow,243,230,212,
Crispy Gold,SW6699,/en-us/color/color-family/yellow-paint-colors/sw6699-crispy-gold,Yellow,196,152,50,
Cruising,SW6782,/en-us/color/color-family/blue-paint-colors/sw6782-cruising,Blue,1,132,152,
Cucumber,SW6722,/en-us/color/color-family/green-paint-colors/sw6722-cucumber,Green,211,223,195,
Cultured Pearl,SW6028,/en-us/color/color-family/purple-paint-colors/sw6028-cultured-pearl,Purple,229,220,214,
Curry,SW6671,/en-us/color/color-family/yellow-paint-colors/sw6671-curry,Yellow,216,143,50,
Cyberspace,SW7076,/en-us/color/color-family/neutral-paint-colors/sw7076-cyberspace,Neutral,68,72,77,
Cyclamen,SW6571,/en-us/color/color-family/red-paint-colors/sw6571-cyclamen,Red,196,123,149,
Daffodil,SW6901,/en-us/color/color-family/yellow-paint-colors/sw6901-daffodil,Yellow,250,217,122,
Dahlia,SW6816,/en-us/color/color-family/purple-paint-colors/sw6816-dahlia,Purple,139,152,196,
Daisy,SW6910,/en-us/color/color-family/yellow-paint-colors/sw6910-daisy,Yellow,254,211,64,
Dancing Green,SW6716,/en-us/color/color-family/green-paint-colors/sw6716-dancing-green,Green,197,205,143,
Danube,SW6803,/en-us/color/color-family/purple-paint-colors/sw6803-danube,Purple,35,119,162,
Daybreak,SW6700,/en-us/color/color-family/yellow-paint-colors/sw6700-daybreak,Yellow,243,234,198,
Decisive Yellow,SW6902,/en-us/color/color-family/yellow-paint-colors/sw6902-decisive-yellow,Yellow,253,204,78,
Décor White,SW7559,/en-us/color/color-family/white-paint-colors/sw7559-decor-white,White,242,229,207,
Delicious Melon,SW6653,/en-us/color/color-family/orange-paint-colors/sw6653-delicious-melon,Orange,245,200,148,
Derbyshire,SW6741,/en-us/color/color-family/green-paint-colors/sw6741-derbyshire,Green,36,94,54,
Determined Orange,SW6635,/en-us/color/color-family/orange-paint-colors/sw6635-determined-orange,Orange,197,102,57,
Dignity Blue,SW6804,/en-us/color/color-family/purple-paint-colors/sw6804-dignity-blue,Purple,9,76,115,
Direct Green,SW6924,/en-us/color/color-family/green-paint-colors/sw6924-direct-green,Green,63,138,36,
Dishy Coral,SW6598,/en-us/color/color-family/red-paint-colors/sw6598-dishy-coral,Red,237,145,144,
Divine White,SW6105,/en-us/color/color-family/white-paint-colors/sw6105-divine-white,White,230,220,205,
Dover White,SW6385,/en-us/color/color-family/white-paint-colors/sw6385-dover-white,White,240,234,220,
Downy,SW7002,/en-us/color/color-family/white-paint-colors/sw7002-downy,White,239,232,221,
Dragon Fruit,SW6855,/en-us/color/color-family/red-paint-colors/sw6855-dragon-fruit,Red,204,97,127,
Dreamy White,SW6021,/en-us/color/color-family/purple-paint-colors/sw6021-dreamy-white,Purple,227,217,213,
Drift of Mist,SW9166,/en-us/color/color-family/neutral-paint-colors/sw9166-drift-of-mist,Neutral,220,216,208,
Dustblu,SW9161,/en-us/color/color-family/neutral-paint-colors/sw9161-dustblu,Neutral,149,155,160,
Dynamic Blue,SW6958,/en-us/color/color-family/blue-paint-colors/sw6958-dynamic-blue,Blue,1,146,198,
Dynamo,SW6841,/en-us/color/color-family/red-paint-colors/sw6841-dynamo,Red,149,61,104,
Eaglet Beige,SW7573,/en-us/color/color-family/white-paint-colors/sw7573-eaglet-beige,White,233,217,192,
Earl Grey,SW7660,/en-us/color/color-family/neutral-paint-colors/sw7660-earl-grey,Neutral,150,154,150,
Earthen Jug,SW7703,/en-us/color/color-family/orange-paint-colors/sw7703-earthen-jug,Orange,168,94,57,
Echelon Ecru,SW7574,/en-us/color/color-family/white-paint-colors/sw7574-echelon-ecru,White,231,216,190,
Eco Green,SW6739,/en-us/color/color-family/green-paint-colors/sw6739-eco-green,Green,104,166,120,
Eggwhite,SW6364,/en-us/color/color-family/white-paint-colors/sw6364-eggwhite,White,243,229,210,
Elation,SW6827,/en-us/color/color-family/purple-paint-colors/sw6827-elation,Purple,223,220,229,
Electric Lime,SW6921,/en-us/color/color-family/green-paint-colors/sw6921-electric-lime,Green,154,186,37,
Ellie Gray,SW7650,/en-us/color/color-family/neutral-paint-colors/sw7650-ellie-gray,Neutral,170,169,164,
Embellished Blue,SW6749,/en-us/color/color-family/blue-paint-colors/sw6749-embellished-blue,Blue,215,235,226,
Emberglow,SW6627,/en-us/color/color-family/orange-paint-colors/sw6627-emberglow,Orange,214,124,86,
Emotional,SW6621,/en-us/color/color-family/orange-paint-colors/sw6621-emotional,Orange,198,95,71,
Enjoyable Yellow,SW6666,/en-us/color/color-family/yellow-paint-colors/sw6666-enjoyable-yellow,Yellow,245,214,169,
Enticing Red,SW6600,/en-us/color/color-family/red-paint-colors/sw6600-enticing-red,Red,183,78,79,
Envy,SW6925,/en-us/color/color-family/green-paint-colors/sw6925-envy,Green,53,140,63,
Eros Pink,SW6860,/en-us/color/color-family/red-paint-colors/sw6860-eros-pink,Red,200,79,104,
Espalier,SW6734,/en-us/color/color-family/green-paint-colors/sw6734-espalier,Green,47,95,58,
Euphoric Lilac,SW6835,/en-us/color/color-family/purple-paint-colors/sw6835-euphoric-lilac,Purple,218,199,218,
Evening Shadow,SW7662,/en-us/color/color-family/neutral-paint-colors/sw7662-evening-shadow,Neutral,201,204,205,
Exuberant Pink,SW6840,/en-us/color/color-family/red-paint-colors/sw6840-exuberant-pink,Red,181,77,127,
Eye Catching,SW6914,/en-us/color/color-family/yellow-paint-colors/sw6914-eye-catching,Yellow,221,184,53,
Faint Coral,SW6329,/en-us/color/color-family/orange-paint-colors/sw6329-faint-coral,Orange,238,222,213,
Flan,SW6652,/en-us/color/color-family/orange-paint-colors/sw6652-flan,Orange,244,212,175,
Flattering Peach,SW6638,/en-us/color/color-family/orange-paint-colors/sw6638-flattering-peach,Orange,244,211,179,
Fleeting Green,SW6455,/en-us/color/color-family/blue-paint-colors/sw6455-fleeting-green,Blue,216,226,216,
Flyway,SW6794,/en-us/color/color-family/blue-paint-colors/sw6794-flyway,Blue,93,179,212,
Forever Lilac,SW9067,/en-us/color/color-family/purple-paint-colors/sw9067-forever-lilac,Purple,175,165,199,
Forget-Me-Not,SW6824,/en-us/color/color-family/purple-paint-colors/sw6824-forget-me-not,Purple,113,105,152,
Forsythia,SW6907,/en-us/color/color-family/yellow-paint-colors/sw6907-forsythia,Yellow,255,200,1,
Forward Fuchsia,SW6842,/en-us/color/color-family/red-paint-colors/sw6842-forward-fuchsia,Red,146,52,91,
Fountain,SW6787,/en-us/color/color-family/blue-paint-colors/sw6787-fountain,Blue,86,181,202,
Fragile Beauty,SW7553,/en-us/color/color-family/white-paint-colors/sw7553-fragile-beauty,White,231,215,198,
Framboise,SW6566,/en-us/color/color-family/red-paint-colors/sw6566-framboise,Red,124,54,85,
Frank Blue,SW6967,/en-us/color/color-family/purple-paint-colors/sw6967-frank-blue,Purple,34,82,136,
Free Spirit,SW6973,/en-us/color/color-family/purple-paint-colors/sw6973-free-spirit,Purple,202,178,210,
Freshwater,SW6774,/en-us/color/color-family/blue-paint-colors/sw6774-freshwater,Blue,77,166,178,
Friendly Yellow,SW6680,/en-us/color/color-family/yellow-paint-colors/sw6680-friendly-yellow,Yellow,245,224,177,
Frolic,SW6703,/en-us/color/color-family/green-paint-colors/sw6703-frolic,Green,217,198,97,
Front Porch,SW7651,/en-us/color/color-family/neutral-paint-colors/sw7651-front-porch,Neutral,204,204,197,
Frost Bite,SW9505,/en-us/color/color-family/white-paint-colors/sw9505-frost-bite,White,246,240,229,
Frosted Emerald,SW9035,/en-us/color/color-family/green-paint-colors/sw9035-frosted-emerald,Green,120,177,133,
Fully Purple,SW6983,/en-us/color/color-family/purple-paint-colors/sw6983-fully-purple,Purple,81,76,126,
Fun Yellow,SW6908,/en-us/color/color-family/yellow-paint-colors/sw6908-fun-yellow,Yellow,247,229,148,
Funky Yellow,SW6913,/en-us/color/color-family/yellow-paint-colors/sw6913-funky-yellow,Yellow,237,210,111,
Futon,SW7101,/en-us/color/color-family/white-paint-colors/sw7101-futon,White,237,230,219,
Gala Pink,SW6579,/en-us/color/color-family/red-paint-colors/sw6579-gala-pink,Red,176,75,99,
Gambol Gold,SW6690,/en-us/color/color-family/yellow-paint-colors/sw6690-gambol-gold,Yellow,225,176,71,
Gardenia,SW6665,/en-us/color/color-family/red-paint-colors/sw6665-gardenia,Red,243,226,201,
Gecko,SW6719,/en-us/color/color-family/green-paint-colors/sw6719-gecko,Green,122,136,51,
Gentian,SW6817,/en-us/color/color-family/purple-paint-colors/sw6817-gentian,Purple,101,114,165,
Gentle Aquamarine,SW9046,/en-us/color/color-family/blue-paint-colors/sw9046-gentle-aquamarine,Blue,151,203,210,
Gibraltar,SW6257,/en-us/color/color-family/neutral-paint-colors/sw6257-gibraltar,Neutral,98,105,112,
Glad Yellow,SW6694,/en-us/color/color-family/yellow-paint-colors/sw6694-glad-yellow,Yellow,245,225,172,
Gleeful,SW6709,/en-us/color/color-family/green-paint-colors/sw6709-gleeful,Green,218,215,144,
Glimmer,SW6476,/en-us/color/color-family/green-paint-colors/sw6476-glimmer,Green,224,231,226,
Glitzy Gold,SW6691,/en-us/color/color-family/yellow-paint-colors/sw6691-glitzy-gold,Yellow,214,160,43,
Gold Crest,SW6670,/en-us/color/color-family/yellow-paint-colors/sw6670-gold-crest,Yellow,223,153,56,
Golden Plumeria,SW9019,/en-us/color/color-family/yellow-paint-colors/sw9019-golden-plumeria,Yellow,251,208,115,
Goldenrod,SW6677,/en-us/color/color-family/yellow-paint-colors/sw6677-goldenrod,Yellow,242,175,70,
Goldfinch,SW6905,/en-us/color/color-family/yellow-paint-colors/sw6905-goldfinch,Yellow,253,183,2,
Gorgeous White,SW6049,/en-us/color/color-family/purple-paint-colors/sw6049-gorgeous-white,Purple,231,219,211,
Gossamer Veil,SW9165,/en-us/color/color-family/neutral-paint-colors/sw9165-gossamer-veil,Neutral,211,206,196,
Grandeur Plum,SW6565,/en-us/color/color-family/red-paint-colors/sw6565-grandeur-plum,Red,146,87,111,
Grasshopper,SW6733,/en-us/color/color-family/green-paint-colors/sw6733-grasshopper,Green,79,133,74,
Gray Clouds,SW7658,/en-us/color/color-family/neutral-paint-colors/sw7658-gray-clouds,Neutral,183,183,178,
Gray Matters,SW7066,/en-us/color/color-family/neutral-paint-colors/sw7066-gray-matters,Neutral,167,168,162,
Gray Screen,SW7071,/en-us/color/color-family/neutral-paint-colors/sw7071-gray-screen,Neutral,198,202,202,
Green Trance,SW6462,/en-us/color/color-family/blue-paint-colors/sw6462-green-trance,Blue,215,228,219,
Green Vibes,SW6928,/en-us/color/color-family/green-paint-colors/sw6928-green-vibes,Green,212,231,195,
Greenbelt,SW6927,/en-us/color/color-family/green-paint-colors/sw6927-greenbelt,Green,1,114,68,
Greens,SW6748,/en-us/color/color-family/green-paint-colors/sw6748-greens,Green,1,104,68,
Grenadine,SW6592,/en-us/color/color-family/red-paint-colors/sw6592-grenadine,Red,214,105,114,
Gris,SW7659,/en-us/color/color-family/neutral-paint-colors/sw7659-gris,Neutral,165,169,168,
Grizzle Gray,SW7068,/en-us/color/color-family/neutral-paint-colors/sw7068-grizzle-gray,Neutral,99,101,98,
Gulfstream,SW6768,/en-us/color/color-family/blue-paint-colors/sw6768-gulfstream,Blue,1,133,139,
Gusto Gold,SW6904,/en-us/color/color-family/yellow-paint-colors/sw6904-gusto-gold,Yellow,248,172,29,
Habanero Chile,SW7589,/en-us/color/color-family/orange-paint-colors/sw7589-habanero-chile,Orange,184,71,61,
Haute Pink,SW6570,/en-us/color/color-family/red-paint-colors/sw6570-haute-pink,Red,216,153,177,
Heartfelt,SW6586,/en-us/color/color-family/red-paint-colors/sw6586-heartfelt,Red,189,76,95,
Heartthrob,SW6866,/en-us/color/color-family/red-paint-colors/sw6866-heartthrob,Red,168,46,51,
Hearty Orange,SW6622,/en-us/color/color-family/orange-paint-colors/sw6622-hearty-orange,Orange,180,75,52,
Hep Green,SW6704,/en-us/color/color-family/green-paint-colors/sw6704-hep-green,Green,196,177,70,
High Strung,SW6705,/en-us/color/color-family/green-paint-colors/sw6705-high-strung,Green,172,152,37,
Holiday Turquoise,SW0075,/en-us/color/color-family/blue-paint-colors/sw0075-holiday-turquoise,Blue,138,198,189,
Homburg Gray,SW7622,/en-us/color/color-family/neutral-paint-colors/sw7622-homburg-gray,Neutral,102,109,105,
Honey Bees,SW9018,/en-us/color/color-family/yellow-paint-colors/sw9018-honey-bees,Yellow,251,214,130,
Honey Blush,SW6660,/en-us/color/color-family/orange-paint-colors/sw6660-honey-blush,Orange,245,207,155,
Honied White,SW7106,/en-us/color/color-family/white-paint-colors/sw7106-honied-white,White,248,238,219,
Honorable Blue,SW6811,/en-us/color/color-family/purple-paint-colors/sw6811-honorable-blue,Purple,22,69,118,
Hopeful,SW6597,/en-us/color/color-family/red-paint-colors/sw6597-hopeful,Red,240,179,178,
Hot,SW6843,/en-us/color/color-family/red-paint-colors/sw6843-hot,Red,172,67,98,
Houseplant,SW6727,/en-us/color/color-family/green-paint-colors/sw6727-houseplant,Green,88,113,63,
Humorous Green,SW6918,/en-us/color/color-family/green-paint-colors/sw6918-humorous-green,Green,198,184,54,
Hush White,SW6042,/en-us/color/color-family/purple-paint-colors/sw6042-hush-white,Purple,229,218,212,
Husky Orange,SW6636,/en-us/color/color-family/orange-paint-colors/sw6636-husky-orange,Orange,187,97,62,
Hyacinth Tint,SW6968,/en-us/color/color-family/purple-paint-colors/sw6968-hyacinth-tint,Purple,194,203,224,
Hyper Blue,SW6965,/en-us/color/color-family/blue-paint-colors/sw6965-hyper-blue,Blue,1,95,151,
Iceberg,SW6798,/en-us/color/color-family/blue-paint-colors/sw6798-iceberg,Blue,214,228,231,
Icelandic,SW6526,/en-us/color/color-family/purple-paint-colors/sw6526-icelandic,Purple,203,216,225,
Icicle,SW6238,/en-us/color/color-family/purple-paint-colors/sw6238-icicle,Purple,219,223,224,
Icy Lemonade,SW1667,/en-us/color/color-family/yellow-paint-colors/sw1667-icy-lemonade,Yellow,244,232,178,
Illusive Green,SW9164,/en-us/color/color-family/neutral-paint-colors/sw9164-illusive-green,Neutral,146,148,141,
Impatiens Petal,SW6582,/en-us/color/color-family/red-paint-colors/sw6582-impatiens-petal,Red,241,210,215,
Impulsive Purple,SW6832,/en-us/color/color-family/purple-paint-colors/sw6832-impulsive-purple,Purple,98,73,119,
In the Pink,SW6583,/en-us/color/color-family/red-paint-colors/sw6583-in-the-pink,Red,240,188,201,
Indigo,SW6531,/en-us/color/color-family/purple-paint-colors/sw6531-indigo,Purple,40,74,112,
Inspired Lilac,SW6820,/en-us/color/color-family/purple-paint-colors/sw6820-inspired-lilac,Purple,223,217,228,
Intense Teal,SW6943,/en-us/color/color-family/blue-paint-colors/sw6943-intense-teal,Blue,1,118,128,
Intimate White,SW6322,/en-us/color/color-family/orange-paint-colors/sw6322-intimate-white,Orange,240,225,216,
Intricate Ivory,SW6350,/en-us/color/color-family/white-paint-colors/sw6350-intricate-ivory,White,237,221,202,
Inventive Orange,SW6633,/en-us/color/color-family/orange-paint-colors/sw6633-inventive-orange,Orange,232,157,111,
Invigorate,SW6886,/en-us/color/color-family/orange-paint-colors/sw6886-invigorate,Orange,228,114,55,
Ionian,SW6754,/en-us/color/color-family/blue-paint-colors/sw6754-ionian,Blue,54,137,118,
Ionic Ivory,SW6406,/en-us/color/color-family/yellow-paint-colors/sw6406-ionic-ivory,Yellow,231,223,197,
Irish Cream,SW7537,/en-us/color/color-family/white-paint-colors/sw7537-irish-cream,White,227,210,184,
Irresistible,SW6562,/en-us/color/color-family/red-paint-colors/sw6562-irresistible,Red,227,192,207,
Izmir Purple,SW6825,/en-us/color/color-family/purple-paint-colors/sw6825-izmir-purple,Purple,77,66,110,
Jacaranda,SW6802,/en-us/color/color-family/purple-paint-colors/sw6802-jacaranda,Purple,90,158,192,
Jaipur Pink,SW6577,/en-us/color/color-family/red-paint-colors/sw6577-jaipur-pink,Red,227,146,161,
Jalapeño,SW6629,/en-us/color/color-family/orange-paint-colors/sw6629-jalapeno,Orange,177,83,60,
Jamaica Bay,SW6781,/en-us/color/color-family/blue-paint-colors/sw6781-jamaica-bay,Blue,52,163,182,
Jardin,SW6723,/en-us/color/color-family/green-paint-colors/sw6723-jardin,Green,189,208,171,
Jargon Jade,SW6753,/en-us/color/color-family/blue-paint-colors/sw6753-jargon-jade,Blue,83,163,143,
Jay Blue,SW6797,/en-us/color/color-family/blue-paint-colors/sw6797-jay-blue,Blue,1,93,135,
Jazz Age Coral,SW0058,/en-us/color/color-family/red-paint-colors/sw0058-jazz-age-coral,Red,241,191,177,
Jitterbug Jade,SW6987,/en-us/color/color-family/blue-paint-colors/sw6987-jitterbug-jade,Blue,1,157,110,
Jocular Green,SW6736,/en-us/color/color-family/green-paint-colors/sw6736-jocular-green,Green,204,226,202,
Jogging Path,SW7638,/en-us/color/color-family/neutral-paint-colors/sw7638-jogging-path,Neutral,192,185,169,
Jonquil,SW6674,/en-us/color/color-family/yellow-paint-colors/sw6674-jonquil,Yellow,247,211,145,
Jovial,SW6611,/en-us/color/color-family/orange-paint-colors/sw6611-jovial,Orange,242,184,167,
Julep,SW6746,/en-us/color/color-family/green-paint-colors/sw6746-julep,Green,87,170,128,
June Day,SW6682,/en-us/color/color-family/yellow-paint-colors/sw6682-june-day,Yellow,246,201,115,
Juneberry,SW6573,/en-us/color/color-family/red-paint-colors/sw6573-juneberry,Red,133,65,88,
Kestrel White,SW7516,/en-us/color/color-family/white-paint-colors/sw7516-kestrel-white,White,224,214,200,
Kilkenny,SW6740,/en-us/color/color-family/green-paint-colors/sw6740-kilkenny,Green,73,133,85,
Kimono Violet,SW6839,/en-us/color/color-family/purple-paint-colors/sw6839-kimono-violet,Purple,93,57,95,
Kingdom Gold,SW6698,/en-us/color/color-family/yellow-paint-colors/sw6698-kingdom-gold,Yellow,209,164,54,
Kismet,SW6830,/en-us/color/color-family/purple-paint-colors/sw6830-kismet,Purple,161,138,183,
Kiwi,SW6737,/en-us/color/color-family/green-paint-colors/sw6737-kiwi,Green,174,210,176,
Knockout Orange,SW6885,/en-us/color/color-family/orange-paint-colors/sw6885-knockout-orange,Orange,225,111,62,
Koral Kicks,SW6610,/en-us/color/color-family/orange-paint-colors/sw6610-koral-kicks,Orange,242,209,195,
La Luna Amarilla,SW9016,/en-us/color/color-family/yellow-paint-colors/sw9016-la-luna-amarilla,Yellow,253,223,160,
Lacewing,SW6729,/en-us/color/color-family/green-paint-colors/sw6729-lacewing,Green,215,227,202,
Lantern Light,SW6687,/en-us/color/color-family/yellow-paint-colors/sw6687-lantern-light,Yellow,244,225,174,
Larchmere,SW6752,/en-us/color/color-family/blue-paint-colors/sw6752-larchmere,Blue,112,186,167,
Lark Green,SW6745,/en-us/color/color-family/green-paint-colors/sw6745-lark-green,Green,138,193,161,
Lattice,SW7654,/en-us/color/color-family/neutral-paint-colors/sw7654-lattice,Neutral,206,206,198,
Laurel Woods,SW7749,/en-us/color/color-family/neutral-paint-colors/sw7749-laurel-woods,Neutral,68,73,61,
Lazy Gray,SW6254,/en-us/color/color-family/neutral-paint-colors/sw6254-lazy-gray,Neutral,190,193,195,
Lei Flower,SW6613,/en-us/color/color-family/orange-paint-colors/sw6613-lei-flower,Orange,216,123,106,
Lemon Twist,SW6909,/en-us/color/color-family/yellow-paint-colors/sw6909-lemon-twist,Yellow,254,217,93,
Lighthearted Pink,SW6568,/en-us/color/color-family/red-paint-colors/sw6568-lighthearted-pink,Red,237,213,221,
Lily,SW6693,/en-us/color/color-family/yellow-paint-colors/sw6693-lily,Yellow,243,232,194,
Lime Granita,SW6715,/en-us/color/color-family/green-paint-colors/sw6715-lime-granita,Green,220,225,184,
Lime Rickey,SW6717,/en-us/color/color-family/green-paint-colors/sw6717-lime-rickey,Green,175,185,106,
Limón Fresco,SW9030,/en-us/color/color-family/green-paint-colors/sw9030-limon-fresco,Green,206,188,85,
Liquid Blue,SW6779,/en-us/color/color-family/blue-paint-colors/sw6779-liquid-blue,Blue,166,212,222,
Little Blue Box,SW9044,/en-us/color/color-family/blue-paint-colors/sw9044-little-blue-box,Blue,138,197,186,
Lively Yellow,SW6702,/en-us/color/color-family/green-paint-colors/sw6702-lively-yellow,Green,230,216,142,
Lobelia,SW6809,/en-us/color/color-family/purple-paint-colors/sw6809-lobelia,Purple,116,152,190,
Loggia,SW7506,/en-us/color/color-family/neutral-paint-colors/sw7506-loggia,Neutral,196,183,165,
Lotus Pod,SW7572,/en-us/color/color-family/white-paint-colors/sw7572-lotus-pod,White,231,215,194,
Loveable,SW6590,/en-us/color/color-family/red-paint-colors/sw6590-loveable,Red,240,193,198,
Luau Green,SW6712,/en-us/color/color-family/green-paint-colors/sw6712-luau-green,Green,152,151,70,
Lucky Green,SW6926,/en-us/color/color-family/green-paint-colors/sw6926-lucky-green,Green,35,134,82,
Lupine,SW6810,/en-us/color/color-family/purple-paint-colors/sw6810-lupine,Purple,78,115,159,
Magical,SW6829,/en-us/color/color-family/purple-paint-colors/sw6829-magical,Purple,192,175,208,
Magnetic Gray,SW7058,/en-us/color/color-family/neutral-paint-colors/sw7058-magnetic-gray,Neutral,178,181,175,
Major Blue,SW6795,/en-us/color/color-family/blue-paint-colors/sw6795-major-blue,Blue,40,158,196,
Marigold,SW6664,/en-us/color/color-family/orange-paint-colors/sw6664-marigold,Orange,210,130,51,
Mariner,SW6766,/en-us/color/color-family/blue-paint-colors/sw6766-mariner,Blue,110,194,196,
Marshmallow,SW7001,/en-us/color/color-family/white-paint-colors/sw7001-marshmallow,White,238,233,224,
Maxi Teal,SW6769,/en-us/color/color-family/blue-paint-colors/sw6769-maxi-teal,Blue,1,116,120,
Medici Ivory,SW7558,/en-us/color/color-family/white-paint-colors/sw7558-medici-ivory,White,243,233,215,
Mélange Green,SW6710,/en-us/color/color-family/green-paint-colors/sw6710-melange-green,Green,196,196,118,
Melón Meloso,SW9007,/en-us/color/color-family/orange-paint-colors/sw9007-melon-meloso,Orange,242,184,140,
Mesclun Green,SW6724,/en-us/color/color-family/green-paint-colors/sw6724-mesclun-green,Green,157,182,130,
Midday,SW6695,/en-us/color/color-family/yellow-paint-colors/sw6695-midday,Yellow,247,215,138,
Mindful Gray,SW7016,/en-us/color/color-family/neutral-paint-colors/sw7016-mindful-gray,Neutral,188,183,173,
Mineral Deposit,SW7652,/en-us/color/color-family/neutral-paint-colors/sw7652-mineral-deposit,Neutral,171,176,172,
Minor Blue,SW6792,/en-us/color/color-family/blue-paint-colors/sw6792-minor-blue,Blue,183,223,232,
Mint Condition,SW6743,/en-us/color/color-family/green-paint-colors/sw6743-mint-condition,Green,209,227,210,
Moderate White,SW6140,/en-us/color/color-family/white-paint-colors/sw6140-moderate-white,White,233,222,207,
Modest White,SW6084,/en-us/color/color-family/white-paint-colors/sw6084-modest-white,White,230,221,212,
Monorail Silver,SW7663,/en-us/color/color-family/neutral-paint-colors/sw7663-monorail-silver,Neutral,184,188,187,
Moonraker,SW6701,/en-us/color/color-family/green-paint-colors/sw6701-moonraker,Green,238,227,178,
Morning Fog,SW6255,/en-us/color/color-family/neutral-paint-colors/sw6255-morning-fog,Neutral,168,174,177,
Morning Glory,SW6971,/en-us/color/color-family/purple-paint-colors/sw6971-morning-glory,Purple,60,76,128,
Mortar,SW9584,/en-us/color/color-family/white-paint-colors/sw9584-mortar,White,227,223,213,
Mountain Air,SW6224,/en-us/color/color-family/blue-paint-colors/sw6224-mountain-air,Blue,216,224,223,
Muslin,SW6133,/en-us/color/color-family/white-paint-colors/sw6133-muslin,White,234,223,201,
Nacre,SW6154,/en-us/color/color-family/white-paint-colors/sw6154-nacre,White,232,226,212,
Naive Peach,SW6631,/en-us/color/color-family/orange-paint-colors/sw6631-naive-peach,Orange,243,211,191,
Naples Yellow,SW9021,/en-us/color/color-family/yellow-paint-colors/sw9021-naples-yellow,Yellow,246,213,143,
Nautilus,SW6780,/en-us/color/color-family/blue-paint-colors/sw6780-nautilus,Blue,113,184,199,
Navajo White,SW6126,/en-us/color/color-family/white-paint-colors/sw6126-navajo-white,White,233,220,198,
Navel,SW6887,/en-us/color/color-family/orange-paint-colors/sw6887-navel,Orange,236,132,48,
Nearly Peach,SW6336,/en-us/color/color-family/red-paint-colors/sw6336-nearly-peach,Red,239,222,209,
Neighborly Peach,SW6632,/en-us/color/color-family/orange-paint-colors/sw6632-neighborly-peach,Orange,243,193,163,
Network Gray,SW7073,/en-us/color/color-family/neutral-paint-colors/sw7073-network-gray,Neutral,160,165,167,
Neutral Ground,SW7568,/en-us/color/color-family/white-paint-colors/sw7568-neutral-ground,White,226,218,202,
Nifty Turquoise,SW6941,/en-us/color/color-family/blue-paint-colors/sw6941-nifty-turquoise,Blue,1,145,135,
Night Owl,SW7061,/en-us/color/color-family/neutral-paint-colors/sw7061-night-owl,Neutral,99,101,95,
Nonchalant White,SW6161,/en-us/color/color-family/green-paint-colors/sw6161-nonchalant-white,Green,222,221,209,
Novel Lilac,SW6836,/en-us/color/color-family/purple-paint-colors/sw6836-novel-lilac,Purple,194,164,194,
Nugget,SW6697,/en-us/color/color-family/yellow-paint-colors/sw6697-nugget,Yellow,219,176,74,
Oat Milk,SW9501,/en-us/color/color-family/white-paint-colors/sw9501-oat-milk,White,222,218,205,
Obstinate Orange,SW6884,/en-us/color/color-family/orange-paint-colors/sw6884-obstinate-orange,Orange,215,85,42,
Offbeat Green,SW6706,/en-us/color/color-family/green-paint-colors/sw6706-offbeat-green,Green,156,139,31,
Oh Pistachio,SW9033,/en-us/color/color-family/green-paint-colors/sw9033-oh-pistachio,Green,171,202,153,
Olde World Gold,SW7700,/en-us/color/color-family/yellow-paint-colors/sw7700-olde-world-gold,Yellow,143,108,62,
Olden Amber,SW9013,/en-us/color/color-family/yellow-paint-colors/sw9013-olden-amber,Yellow,238,183,107,
Oleander,SW6603,/en-us/color/color-family/red-paint-colors/sw6603-oleander,Red,242,204,197,
Online,SW7072,/en-us/color/color-family/neutral-paint-colors/sw7072-online,Neutral,176,181,181,
Only Natural,SW7596,/en-us/color/color-family/white-paint-colors/sw7596-only-natural,White,226,211,196,
Opaline,SW6189,/en-us/color/color-family/blue-paint-colors/sw6189-opaline,Blue,220,223,215,
Organic Green,SW6732,/en-us/color/color-family/green-paint-colors/sw6732-organic-green,Green,127,172,110,
Original White,SW7077,/en-us/color/color-family/purple-paint-colors/sw7077-original-white,Purple,226,222,219,
Osage Orange,SW6890,/en-us/color/color-family/orange-paint-colors/sw6890-osage-orange,Orange,244,160,69,
Outgoing Orange,SW6641,/en-us/color/color-family/orange-paint-colors/sw6641-outgoing-orange,Orange,230,149,95,
Overjoy,SW6689,/en-us/color/color-family/yellow-paint-colors/sw6689-overjoy,Yellow,238,194,95,
Overt Green,SW6718,/en-us/color/color-family/green-paint-colors/sw6718-overt-green,Green,151,165,84,
Pacer White,SW6098,/en-us/color/color-family/white-paint-colors/sw6098-pacer-white,White,229,221,208,
Panda White,SW6147,/en-us/color/color-family/white-paint-colors/sw6147-panda-white,White,234,226,212,
Papaya,SW6661,/en-us/color/color-family/orange-paint-colors/sw6661-papaya,Orange,239,185,123,
Paperwhite,SW7105,/en-us/color/color-family/white-paint-colors/sw7105-paperwhite,White,247,239,222,
Paradise,SW6720,/en-us/color/color-family/green-paint-colors/sw6720-paradise,Green,108,123,48,
Parakeet,SW6711,/en-us/color/color-family/green-paint-colors/sw6711-parakeet,Green,180,176,90,
Passionate Purple,SW6981,/en-us/color/color-family/purple-paint-colors/sw6981-passionate-purple,Purple,121,84,132,
Passive,SW7064,/en-us/color/color-family/neutral-paint-colors/sw7064-passive,Neutral,203,204,201,
Patience,SW7555,/en-us/color/color-family/white-paint-colors/sw7555-patience,White,226,211,191,
Peach Blossom,SW6624,/en-us/color/color-family/orange-paint-colors/sw6624-peach-blossom,Orange,243,208,189,
Peppercorn,SW7674,/en-us/color/color-family/neutral-paint-colors/sw7674-peppercorn,Neutral,88,88,88,
Peppery,SW6615,/en-us/color/color-family/orange-paint-colors/sw6615-peppery,Orange,184,84,68,
Perfect Periwinkle,SW9065,/en-us/color/color-family/purple-paint-colors/sw9065-perfect-periwinkle,Purple,100,135,176,
Pickle,SW6725,/en-us/color/color-family/green-paint-colors/sw6725-pickle,Green,133,161,106,
Picnic,SW6731,/en-us/color/color-family/green-paint-colors/sw6731-picnic,Green,153,194,133,
Pineapple Cream,SW1668,/en-us/color/color-family/yellow-paint-colors/sw1668-pineapple-cream,Yellow,242,234,195,
Poinsettia,SW6594,/en-us/color/color-family/red-paint-colors/sw6594-poinsettia,Red,157,55,60,
Polar Bear,SW7564,/en-us/color/color-family/white-paint-colors/sw7564-polar-bear,White,232,223,202,
Polite White,SW6056,/en-us/color/color-family/purple-paint-colors/sw6056-polite-white,Purple,233,221,212,
Pollen Powder,SW9014,/en-us/color/color-family/yellow-paint-colors/sw9014-pollen-powder,Yellow,251,209,135,
Porcelain,SW0053,/en-us/color/color-family/white-paint-colors/sw0053-porcelain,White,233,224,213,
Porch Ceiling,SW9063,/en-us/color/color-family/purple-paint-colors/sw9063-porch-ceiling,Purple,155,200,222,
Poseidon,SW6762,/en-us/color/color-family/blue-paint-colors/sw6762-poseidon,Blue,1,109,96,
Positive Red,SW6871,/en-us/color/color-family/red-paint-colors/sw6871-positive-red,Red,173,44,52,
Potentially Purple,SW6821,/en-us/color/color-family/purple-paint-colors/sw6821-potentially-purple,Purple,209,203,223,
Primavera,SW9031,/en-us/color/color-family/green-paint-colors/sw9031-primavera,Green,210,208,131,
Priscilla,SW6575,/en-us/color/color-family/red-paint-colors/sw6575-priscilla,Red,241,211,218,
Queen Anne's Lace,SW6420,/en-us/color/color-family/green-paint-colors/sw6420-queen-annes-lace,Green,236,234,213,
Quench Blue,SW6785,/en-us/color/color-family/blue-paint-colors/sw6785-quench-blue,Blue,180,224,231,
Quicksilver,SW6245,/en-us/color/color-family/purple-paint-colors/sw6245-quicksilver,Purple,221,226,224,
Quilt Gold,SW6696,/en-us/color/color-family/yellow-paint-colors/sw6696-quilt-gold,Yellow,234,195,101,
Quite Coral,SW6614,/en-us/color/color-family/orange-paint-colors/sw6614-quite-coral,Orange,199,99,86,
Radish,SW6861,/en-us/color/color-family/red-paint-colors/sw6861-radish,Red,164,46,65,
Rapture Blue,SW6773,/en-us/color/color-family/blue-paint-colors/sw6773-rapture-blue,Blue,125,193,203,
Rarified Air,SW6525,/en-us/color/color-family/purple-paint-colors/sw6525-rarified-air,Purple,225,230,230,
Raucous Orange,SW6883,/en-us/color/color-family/orange-paint-colors/sw6883-raucous-orange,Orange,195,85,48,
Rave Red,SW6608,/en-us/color/color-family/red-paint-colors/sw6608-rave-red,Red,161,59,52,
Ravishing Coral,SW6612,/en-us/color/color-family/orange-paint-colors/sw6612-ravishing-coral,Orange,231,149,128,
Rayo de Sol,SW9020,/en-us/color/color-family/yellow-paint-colors/sw9020-rayo-de-sol,Yellow,244,196,84,
Real Red,SW6868,/en-us/color/color-family/red-paint-colors/sw6868-real-red,Red,191,45,50,
Reclining Green,SW6744,/en-us/color/color-family/green-paint-colors/sw6744-reclining-green,Green,183,215,191,
Red Clover,SW6564,/en-us/color/color-family/red-paint-colors/sw6564-red-clover,Red,184,126,147,
Red Tomato,SW6607,/en-us/color/color-family/red-paint-colors/sw6607-red-tomato,Red,178,71,67,
Reflection,SW7661,/en-us/color/color-family/neutral-paint-colors/sw7661-reflection,Neutral,211,213,211,
Refresh,SW6751,/en-us/color/color-family/blue-paint-colors/sw6751-refresh,Blue,161,212,200,
Regale Blue,SW6801,/en-us/color/color-family/purple-paint-colors/sw6801-regale-blue,Purple,125,181,211,
Rejuvenate,SW6620,/en-us/color/color-family/orange-paint-colors/sw6620-rejuvenate,Orange,221,120,97,
Reliable White,SW6091,/en-us/color/color-family/white-paint-colors/sw6091-reliable-white,White,232,222,211,
Requisite Gray,SW7023,/en-us/color/color-family/neutral-paint-colors/sw7023-requisite-gray,Neutral,185,178,169,
Restful White,SW7563,/en-us/color/color-family/white-paint-colors/sw7563-restful-white,White,238,232,215,
Restoration Ivory,SW6413,/en-us/color/color-family/yellow-paint-colors/sw6413-restoration-ivory,Yellow,233,225,202,
Retro Mint,SW9036,/en-us/color/color-family/green-paint-colors/sw9036-retro-mint,Green,159,205,177,
Revel Blue,SW6530,/en-us/color/color-family/purple-paint-colors/sw6530-revel-blue,Purple,76,107,138,
Rhapsody Lilac,SW6828,/en-us/color/color-family/purple-paint-colors/sw6828-rhapsody-lilac,Purple,210,200,221,
Rhumba Orange,SW6642,/en-us/color/color-family/orange-paint-colors/sw6642-rhumba-orange,Orange,203,120,65,
Rhythmic Blue,SW6806,/en-us/color/color-family/purple-paint-colors/sw6806-rhythmic-blue,Purple,204,219,229,
Rivulet,SW6760,/en-us/color/color-family/blue-paint-colors/sw6760-rivulet,Blue,97,168,157,
Robust Orange,SW6628,/en-us/color/color-family/orange-paint-colors/sw6628-robust-orange,Orange,196,99,62,
Romaine,SW6730,/en-us/color/color-family/green-paint-colors/sw6730-romaine,Green,192,210,173,
Roman Column,SW7562,/en-us/color/color-family/white-paint-colors/sw7562-roman-column,White,246,240,226,
Rosebay,SW6563,/en-us/color/color-family/red-paint-colors/sw6563-rosebay,Red,203,154,173,
Ruby Shade,SW6572,/en-us/color/color-family/red-paint-colors/sw6572-ruby-shade,Red,162,86,111,
Saffron Thread,SW6663,/en-us/color/color-family/orange-paint-colors/sw6663-saffron-thread,Orange,223,152,78,
Sagey,SW6175,/en-us/color/color-family/green-paint-colors/sw6175-sagey,Green,226,226,209,
Sanctuary,SW9583,/en-us/color/color-family/white-paint-colors/sw9583-sanctuary,White,230,226,217,
Scanda,SW6529,/en-us/color/color-family/purple-paint-colors/sw6529-scanda,Purple,107,140,169,
Sea Serpent,SW7615,/en-us/color/color-family/neutral-paint-colors/sw7615-sea-serpent,Neutral,62,75,84,
Seawashed Glass,SW9034,/en-us/color/color-family/green-paint-colors/sw9034-seawashed-glass,Green,169,192,149,
Serape,SW6656,/en-us/color/color-family/orange-paint-colors/sw6656-serape,Orange,216,139,77,
Serious Gray,SW6256,/en-us/color/color-family/neutral-paint-colors/sw6256-serious-gray,Neutral,125,132,139,
Shell White,SW8917,/en-us/color/color-family/white-paint-colors/sw8917-shell-white,White,240,235,224,
Show Stopper,SW7588,/en-us/color/color-family/red-paint-colors/sw7588-show-stopper,Red,164,46,55,
Silver Strand,SW7057,/en-us/color/color-family/neutral-paint-colors/sw7057-silver-strand,Neutral,200,203,196,
Silverplate,SW7649,/en-us/color/color-family/neutral-paint-colors/sw7649-silverplate,Neutral,194,192,186,
Silverpointe,SW7653,/en-us/color/color-family/neutral-paint-colors/sw7653-silverpointe,Neutral,209,210,203,
Simple White,SW7021,/en-us/color/color-family/purple-paint-colors/sw7021-simple-white,Purple,223,217,210,
Sky Fall,SW9049,/en-us/color/color-family/blue-paint-colors/sw9049-sky-fall,Blue,137,198,223,
Sky High,SW6504,/en-us/color/color-family/blue-paint-colors/sw6504-sky-high,Blue,220,231,232,
Slate Tile,SW7624,/en-us/color/color-family/neutral-paint-colors/sw7624-slate-tile,Neutral,96,110,116,
Smart White,SW6007,/en-us/color/color-family/purple-paint-colors/sw6007-smart-white,Purple,228,219,216,
Smoky Blue,SW7604,/en-us/color/color-family/neutral-paint-colors/sw7604-smoky-blue,Neutral,89,110,121,
Snowdrop,SW6511,/en-us/color/color-family/blue-paint-colors/sw6511-snowdrop,Blue,224,232,231,
Snowfall,SW6000,/en-us/color/color-family/purple-paint-colors/sw6000-snowfall,Purple,224,222,218,
Soar,SW6799,/en-us/color/color-family/purple-paint-colors/sw6799-soar,Purple,195,223,232,
Sockeye,SW6619,/en-us/color/color-family/orange-paint-colors/sw6619-sockeye,Orange,228,151,128,
Software,SW7074,/en-us/color/color-family/neutral-paint-colors/sw7074-software,Neutral,127,132,134,
Solaria,SW6688,/en-us/color/color-family/yellow-paint-colors/sw6688-solaria,Yellow,245,214,143,
Something Blue,SW6800,/en-us/color/color-family/purple-paint-colors/sw6800-something-blue,Purple,176,214,230,
Spa,SW6765,/en-us/color/color-family/blue-paint-colors/sw6765-spa,Blue,167,220,220,
Spangle,SW6834,/en-us/color/color-family/purple-paint-colors/sw6834-spangle,Purple,229,219,229,
Spatial White,SW6259,/en-us/color/color-family/purple-paint-colors/sw6259-spatial-white,Purple,221,220,219,
Spinach White,SW6434,/en-us/color/color-family/green-paint-colors/sw6434-spinach-white,Green,228,232,218,
Splashy,SW6942,/en-us/color/color-family/blue-paint-colors/sw6942-splashy,Blue,1,145,150,
Springtime,SW6708,/en-us/color/color-family/green-paint-colors/sw6708-springtime,Green,233,229,179,
Sprout,SW6427,/en-us/color/color-family/green-paint-colors/sw6427-sprout,Green,228,228,206,
Stamped Concrete,SW7655,/en-us/color/color-family/neutral-paint-colors/sw7655-stamped-concrete,Neutral,160,160,154,
Starboard,SW6755,/en-us/color/color-family/blue-paint-colors/sw6755-starboard,Blue,1,108,79,
Stay in Lime,SW9032,/en-us/color/color-family/green-paint-colors/sw9032-stay-in-lime,Green,159,172,92,
Steamed Milk,SW7554,/en-us/color/color-family/white-paint-colors/sw7554-steamed-milk,White,236,225,209,
Steely Gray,SW7664,/en-us/color/color-family/neutral-paint-colors/sw7664-steely-gray,Neutral,144,151,155,
Stop,SW6869,/en-us/color/color-family/orange-paint-colors/sw6869-stop,Orange,195,58,54,
Summer Day,SW6662,/en-us/color/color-family/orange-paint-colors/sw6662-summer-day,Orange,234,170,98,
Summer White,SW7557,/en-us/color/color-family/white-paint-colors/sw7557-summer-white,White,244,233,214,
Sunbleached,SW9585,/en-us/color/color-family/white-paint-colors/sw9585-sunbleached,White,229,224,215,
Sunflower,SW6678,/en-us/color/color-family/yellow-paint-colors/sw6678-sunflower,Yellow,227,154,51,
Sunny Veranda,SW9017,/en-us/color/color-family/yellow-paint-colors/sw9017-sunny-veranda,Yellow,254,223,148,
Sunrise,SW6668,/en-us/color/color-family/yellow-paint-colors/sw6668-sunrise,Yellow,244,191,119,
Sunset,SW6626,/en-us/color/color-family/orange-paint-colors/sw6626-sunset,Orange,226,148,111,
Surfin',SW9048,/en-us/color/color-family/blue-paint-colors/sw9048-surfin,Blue,115,192,210,
Surprise Amber,SW6654,/en-us/color/color-family/orange-paint-colors/sw6654-surprise-amber,Orange,239,181,122,
Swimming,SW6764,/en-us/color/color-family/blue-paint-colors/sw6764-swimming,Blue,194,229,229,
Talipot Palm,SW6726,/en-us/color/color-family/green-paint-colors/sw6726-talipot-palm,Green,100,129,73,
Tame Teal,SW6757,/en-us/color/color-family/blue-paint-colors/sw6757-tame-teal,Blue,193,230,223,
Tanager,SW6601,/en-us/color/color-family/red-paint-colors/sw6601-tanager,Red,164,56,52,
Tangerine,SW6640,/en-us/color/color-family/orange-paint-colors/sw6640-tangerine,Orange,242,172,120,
Tantalizing Teal,SW6937,/en-us/color/color-family/blue-paint-colors/sw6937-tantalizing-teal,Blue,135,220,206,
Teaberry,SW6561,/en-us/color/color-family/red-paint-colors/sw6561-teaberry,Red,235,209,219,
Thermal Spring,SW6761,/en-us/color/color-family/blue-paint-colors/sw6761-thermal-spring,Blue,59,140,128,
They call it Mellow,SW9015,/en-us/color/color-family/yellow-paint-colors/sw9015-they-call-it-mellow,Yellow,251,228,179,
Tin Lizzie,SW9163,/en-us/color/color-family/neutral-paint-colors/sw9163-tin-lizzie,Neutral,147,149,145,
Tinsmith,SW7657,/en-us/color/color-family/neutral-paint-colors/sw7657-tinsmith,Neutral,197,200,196,
Topsail,SW6217,/en-us/color/color-family/blue-paint-colors/sw6217-topsail,Blue,218,226,224,
Trinket,SW6685,/en-us/color/color-family/yellow-paint-colors/sw6685-trinket,Yellow,214,152,53,
Tuberose,SW6578,/en-us/color/color-family/red-paint-colors/sw6578-tuberose,Red,212,124,140,
Undercool,SW6957,/en-us/color/color-family/blue-paint-colors/sw6957-undercool,Blue,127,195,225,
Unusual Gray,SW7059,/en-us/color/color-family/neutral-paint-colors/sw7059-unusual-gray,Neutral,163,167,160,
Valentine,SW6587,/en-us/color/color-family/red-paint-colors/sw6587-valentine,Red,165,58,78,
Valiant Violet,SW6818,/en-us/color/color-family/purple-paint-colors/sw6818-valiant-violet,Purple,62,67,113,
Vanillin,SW6371,/en-us/color/color-family/yellow-paint-colors/sw6371-vanillin,Yellow,242,227,202,
Vegan,SW6738,/en-us/color/color-family/green-paint-colors/sw6738-vegan,Green,142,194,152,
Venetian Yellow,SW1666,/en-us/color/color-family/yellow-paint-colors/sw1666-venetian-yellow,Yellow,246,227,161,
Verdant,SW6713,/en-us/color/color-family/green-paint-colors/sw6713-verdant,Green,132,126,53,
Veri Berri,SW9069,/en-us/color/color-family/purple-paint-colors/sw9069-veri-berri,Purple,147,116,150,
Versatile Gray,SW6072,/en-us/color/color-family/neutral-paint-colors/sw6072-versatile-gray,Neutral,193,182,171,
Vigorous Violet,SW6838,/en-us/color/color-family/purple-paint-colors/sw6838-vigorous-violet,Purple,124,90,126,
Vital Yellow,SW6392,/en-us/color/color-family/yellow-paint-colors/sw6392-vital-yellow,Yellow,237,224,197,
Wall Street,SW7665,/en-us/color/color-family/neutral-paint-colors/sw7665-wall-street,Neutral,101,109,115,
Waterfall,SW6750,/en-us/color/color-family/blue-paint-colors/sw6750-waterfall,Blue,192,227,218,
Web Gray,SW7075,/en-us/color/color-family/neutral-paint-colors/sw7075-web-gray,Neutral,97,102,105,
Welcome White,SW6658,/en-us/color/color-family/red-paint-colors/sw6658-welcome-white,Red,243,227,202,
White Flour,SW7102,/en-us/color/color-family/white-paint-colors/sw7102-white-flour,White,244,239,229,
White Hyacinth,SW0046,/en-us/color/color-family/white-paint-colors/sw0046-white-hyacinth,White,243,229,209,
White Mint,SW6441,/en-us/color/color-family/green-paint-colors/sw6441-white-mint,Green,224,231,218,
White Sand,SW9582,/en-us/color/color-family/white-paint-colors/sw9582-white-sand,White,237,236,231,
Whitetail,SW7103,/en-us/color/color-family/white-paint-colors/sw7103-whitetail,White,244,239,228,
Window Pane,SW6210,/en-us/color/color-family/blue-paint-colors/sw6210-window-pane,Blue,215,223,216,
Wishful Blue,SW6813,/en-us/color/color-family/purple-paint-colors/sw6813-wishful-blue,Purple,216,221,230,
Wisteria,SW6822,/en-us/color/color-family/purple-paint-colors/sw6822-wisteria,Purple,189,180,212,
Wondrous Blue,SW6807,/en-us/color/color-family/purple-paint-colors/sw6807-wondrous-blue,Purple,184,205,221,
Yam,SW6643,/en-us/color/color-family/orange-paint-colors/sw6643-yam,Orange,195,111,62,
Yarrow,SW6669,/en-us/color/color-family/yellow-paint-colors/sw6669-yarrow,Yellow,235,173,94,
Yellow Bird,SW9022,/en-us/color/color-family/yellow-paint-colors/sw9022-yellow-bird,Yellow,241,205,123,
Youthful Coral,SW6604,/en-us/color/color-family/orange-paint-colors/sw6604-youthful-coral,Orange,240,175,168,
,,/en-us/color/color-collections/historic-paint-colors,,124,54,85,
,,/en-us/color/color-collections/historic-paint-colors,,36,94,54,
,,/en-us/color/color-collections/historic-paint-colors,,1,93,135,
,,/en-us/color/color-collections/historic-paint-colors,,220,209,191,