name,rgb,sw_code
Exuberant Pink,"rgb(181, 77, 127)",SW6840
Dragon Fruit,"rgb(204, 97, 127)",SW6855
Cherries Jubilee,"rgb(171, 60, 81)",SW6862
Radish,"rgb(164, 46, 65)",SW6861
Heartthrob,"rgb(168, 46, 51)",SW6866
Real Red,"rgb(191, 45, 50)",SW6868
Positive Red,"rgb(173, 44, 52)",SW6871
Teaberry,"rgb(235, 209, 219)",SW6561
Lighthearted Pink,"rgb(237, 213, 221)",SW6568
Priscilla,"rgb(241, 211, 218)",SW6575
Impatiens Petal,"rgb(241, 210, 215)",SW6582
Alyssum,"rgb(242, 213, 215)",SW6589
Bella Pink,"rgb(241, 198, 196)",SW6596
Oleander,"rgb(242, 204, 197)",SW6603
Irresistible,"rgb(227, 192, 207)",SW6562
Childlike,"rgb(232, 192, 207)",SW6569
Azalea Flower,"rgb(239, 192, 203)",SW6576
In the Pink,"rgb(240, 188, 201)",SW6583
Loveable,"rgb(240, 193, 198)",SW6590
Hopeful,"rgb(240, 179, 178)",SW6597
Youthful Coral,"rgb(240, 175, 168)",SW6604
Rosebay,"rgb(203, 154, 173)",SW6563
Haute Pink,"rgb(216, 153, 177)",SW6570
Jaipur Pink,"rgb(227, 146, 161)",SW6577
Cheery,"rgb(235, 146, 163)",SW6584
Amaryllis,"rgb(237, 147, 157)",SW6591
Dishy Coral,"rgb(237, 145, 144)",SW6598
Charisma,"rgb(238, 148, 137)",SW6605
Red Clover,"rgb(184, 126, 147)",SW6564
Cyclamen,"rgb(196, 123, 149)",SW6571
Tuberose,"rgb(212, 124, 140)",SW6578
Coming up Roses,"rgb(221, 119, 136)",SW6585
Grenadine,"rgb(214, 105, 114)",SW6592
Begonia,"rgb(215, 108, 110)",SW6599
Coral Reef,"rgb(217, 118, 108)",SW6606
Grandeur Plum,"rgb(146, 87, 111)",SW6565
Ruby Shade,"rgb(162, 86, 111)",SW6572
Gala Pink,"rgb(176, 75, 99)",SW6579
Eros Pink,"rgb(200, 79, 104)",SW6860
Coral Bells,"rgb(187, 75, 81)",SW6593
Enticing Red,"rgb(183, 78, 79)",SW6600
Red Tomato,"rgb(178, 71, 67)",SW6607
Dynamo,"rgb(149, 61, 104)",SW6841
Juneberry,"rgb(133, 65, 88)",SW6573
Hot,"rgb(172, 67, 98)",SW6843
Heartfelt,"rgb(189, 76, 95)",SW6586
Show Stopper,"rgb(164, 46, 55)",SW7588
Tanager,"rgb(164, 56, 52)",SW6601
Rave Red,"rgb(161, 59, 52)",SW6608
Forward Fuchsia,"rgb(146, 52, 91)",SW6842
Framboise,"rgb(124, 54, 85)",SW6566
Cerise,"rgb(153, 50, 78)",SW6580
Valentine,"rgb(165, 58, 78)",SW6587
Poinsettia,"rgb(157, 55, 60)",SW6594
Antique Red,"rgb(159, 68, 66)",SW7587
Bolero,"rgb(144, 57, 52)",SW7600
Rosebud,"rgb(224, 205, 209)",SW6288
Demure,"rgb(232, 212, 213)",SW6295
Innocence,"rgb(235, 209, 207)",SW6302
Charming Pink,"rgb(237, 211, 210)",SW6309
Rosy Outlook,"rgb(235, 206, 203)",SW6316
Romance,"rgb(235, 207, 195)",SW6323
Quaint Peche,"rgb(234, 205, 193)",SW6330
Delightful,"rgb(210, 182, 190)",SW6289
Fading Rose,"rgb(218, 189, 193)",SW6296
Rose Colored,"rgb(220, 182, 181)",SW6303
Lotus Flower,"rgb(230, 189, 189)",SW6310
Gracious Rose,"rgb(227, 183, 177)",SW6317
Mellow Coral,"rgb(227, 181, 168)",SW6324
Smoky Salmon,"rgb(226, 182, 167)",SW6331
Rosé,"rgb(185, 149, 161)",SW6290
Rose Embroidery,"rgb(199, 158, 162)",SW6297
Pressed Flower,"rgb(195, 147, 147)",SW6304
Memorable Rose,"rgb(207, 138, 141)",SW6311
Resounding Rose,"rgb(205, 142, 137)",SW6318
Constant Coral,"rgb(205, 142, 127)",SW6325
Coral Island,"rgb(206, 147, 130)",SW6332
Moss Rose,"rgb(158, 109, 121)",SW6291
Audrey's Blush,"rgb(174, 128, 135)",SW9001
Carley's Rose,"rgb(168, 115, 118)",SW9002
Rita's Rouge,"rgb(186, 113, 118)",SW9003
Coral Rose,"rgb(195, 127, 122)",SW9004
Coral Clay,"rgb(191, 121, 110)",SW9005
Rojo Dust,"rgb(181, 116, 102)",SW9006
Berry Bush,"rgb(141, 88, 105)",SW6292
Concerto,"rgb(158, 107, 117)",SW6298
Rambling Rose,"rgb(153, 93, 98)",SW6305
Redbud,"rgb(173, 94, 101)",SW6312
Reddish,"rgb(181, 105, 102)",SW6319
Henna Shade,"rgb(179, 103, 93)",SW6326
Foxy,"rgb(168, 94, 83)",SW6333
Fabulous Grape,"rgb(109, 52, 79)",SW6293
Aged Wine,"rgb(137, 84, 96)",SW6299
Cordial,"rgb(134, 76, 82)",SW6306
Kirsch Red,"rgb(151, 73, 83)",SW6313
Bravado Red,"rgb(160, 82, 78)",SW6320
Bold Brick,"rgb(160, 88, 79)",SW6327
Flower Pot,"rgb(143, 68, 56)",SW6334
Blackberry,"rgb(83, 54, 64)",SW7577
Burgundy,"rgb(99, 51, 62)",SW6300
Fine Wine,"rgb(114, 57, 65)",SW6307
Luxurious Red,"rgb(134, 58, 66)",SW6314
Red Bay,"rgb(142, 55, 56)",SW6321
Fireweed,"rgb(123, 55, 48)",SW6328
Fired Brick,"rgb(131, 56, 42)",SW6335
Breathless,"rgb(214, 194, 190)",SW6022
White Truffle,"rgb(215, 200, 194)",SW6029
Unfussy Beige,"rgb(214, 200, 192)",SW6043
Abalone Shell,"rgb(219, 199, 189)",SW6050
Malted Milk,"rgb(222, 202, 189)",SW6057
Reticence,"rgb(217, 205, 195)",SW6064
Simplify Beige,"rgb(214, 199, 185)",SW6085
Insightful Rose,"rgb(201, 176, 171)",SW6023
Artistic Taupe,"rgb(195, 177, 172)",SW6030
Doeskin,"rgb(198, 179, 169)",SW6044
Sashay Sand,"rgb(207, 180, 168)",SW6051
Likeable Sand,"rgb(209, 183, 168)",SW6058
Bona Fide Beige,"rgb(203, 185, 171)",SW6065
Sand Dune,"rgb(197, 177, 162)",SW6086
Dressy Rose,"rgb(184, 157, 154)",SW6024
Glamour,"rgb(182, 160, 154)",SW6031
Emerging Taupe,"rgb(184, 161, 150)",SW6045
Sandbank,"rgb(195, 164, 151)",SW6052
Interface Tan,"rgb(193, 163, 146)",SW6059
Sand Trap,"rgb(187, 165, 149)",SW6066
Trusty Tan,"rgb(181, 159, 143)",SW6087
Rosaline Pearl,"rgb(163, 136, 135)",SW9077
Cocoa Berry,"rgb(160, 136, 130)",SW9078
Velvety Chestnut,"rgb(162, 135, 125)",SW9079
Hushed Auburn,"rgb(168, 133, 122)",SW9080
Redend Point,"rgb(174, 142, 126)",SW9081
Chocolate Powder,"rgb(165, 140, 123)",SW9082
Dusted Truffle,"rgb(156, 131, 115)",SW9083
Socialite,"rgb(144, 118, 118)",SW6025
Dutch Cocoa,"rgb(140, 112, 106)",SW6032
Swing Brown,"rgb(148, 117, 105)",SW6046
Reddened Earth,"rgb(156, 110, 99)",SW6053
Moroccan Spice,"rgb(157, 120, 104)",SW6060
Mocha,"rgb(150, 122, 106)",SW6067
Nuthatch,"rgb(142, 114, 95)",SW6088
River Rouge,"rgb(118, 89, 93)",SW6026
Bateau Brown,"rgb(122, 95, 90)",SW6033
Hot Cocoa,"rgb(128, 98, 87)",SW6047
Canyon Clay,"rgb(133, 89, 79)",SW6054
Tanbark,"rgb(137, 102, 86)",SW6061
Brevity Brown,"rgb(113, 82, 67)",SW6068
Grounded,"rgb(120, 91, 71)",SW6089
Cordovan,"rgb(95, 61, 63)",SW6027
Dark Auburn,"rgb(90, 53, 50)",SW6034
Terra Brun,"rgb(90, 56, 45)",SW6048
Fiery Brown,"rgb(93, 56, 49)",SW6055
Vintage Leather,"rgb(105, 67, 54)",SW6062
French Roast,"rgb(79, 52, 38)",SW6069
Java,"rgb(99, 69, 51)",SW6090
Stop,"rgb(195, 58, 54)",SW6869
Obstinate Orange,"rgb(215, 85, 42)",SW6884
Knockout Orange,"rgb(225, 111, 62)",SW6885
Invigorate,"rgb(228, 114, 55)",SW6886
Navel,"rgb(236, 132, 48)",SW6887
Carnival,"rgb(235, 136, 44)",SW6892
Osage Orange,"rgb(244, 160, 69)",SW6890
Koral Kicks,"rgb(242, 209, 195)",SW6610
Blushing,"rgb(240, 209, 195)",SW6617
Peach Blossom,"rgb(243, 208, 189)",SW6624
Naive Peach,"rgb(243, 211, 191)",SW6631
Flattering Peach,"rgb(244, 211, 179)",SW6638
Flan,"rgb(244, 212, 175)",SW6652
Captivating Cream,"rgb(244, 217, 177)",SW6659
Jovial,"rgb(242, 184, 167)",SW6611
Cosmetic Peach,"rgb(243, 193, 171)",SW6618
Certain Peach,"rgb(242, 189, 162)",SW6625
Neighborly Peach,"rgb(243, 193, 163)",SW6632
Avid Apricot,"rgb(244, 198, 159)",SW6639
Delicious Melon,"rgb(245, 200, 148)",SW6653
Honey Blush,"rgb(245, 207, 155)",SW6660
Ravishing Coral,"rgb(231, 149, 128)",SW6612
Sockeye,"rgb(228, 151, 128)",SW6619
Sunset,"rgb(226, 148, 111)",SW6626
Inventive Orange,"rgb(232, 157, 111)",SW6633
Melón Meloso,"rgb(242, 184, 140)",SW9007
Surprise Amber,"rgb(239, 181, 122)",SW6654
Bellini Fizz,"rgb(245, 199, 142)",SW9008
Lei Flower,"rgb(216, 123, 106)",SW6613
Rejuvenate,"rgb(221, 120, 97)",SW6620
Emberglow,"rgb(214, 124, 86)",SW6627
Copper Harbor,"rgb(213, 126, 82)",SW6634
Tangerine,"rgb(242, 172, 120)",SW6640
Adventure Orange,"rgb(230, 159, 95)",SW6655
Papaya,"rgb(239, 185, 123)",SW6661
Quite Coral,"rgb(199, 99, 86)",SW6614
Emotional,"rgb(198, 95, 71)",SW6621
Robust Orange,"rgb(196, 99, 62)",SW6628
Determined Orange,"rgb(197, 102, 57)",SW6635
Outgoing Orange,"rgb(230, 149, 95)",SW6641
Serape,"rgb(216, 139, 77)",SW6656
Summer Day,"rgb(234, 170, 98)",SW6662
Peppery,"rgb(184, 84, 68)",SW6615
Hearty Orange,"rgb(180, 75, 52)",SW6622
Jalapeño,"rgb(177, 83, 60)",SW6629
Husky Orange,"rgb(187, 97, 62)",SW6636
Rhumba Orange,"rgb(203, 120, 65)",SW6642
Amber Wave,"rgb(210, 130, 64)",SW6657
Saffron Thread,"rgb(223, 152, 78)",SW6663
Habanero Chile,"rgb(184, 71, 61)",SW7589
Cayenne,"rgb(192, 77, 53)",SW6881
Brick Paver,"rgb(147, 64, 47)",SW7599
Raucous Orange,"rgb(195, 85, 48)",SW6883
Yam,"rgb(195, 111, 62)",SW6643
Earthen Jug,"rgb(168, 94, 57)",SW7703
Marigold,"rgb(210, 130, 51)",SW6664
Spun Sugar,"rgb(237, 210, 192)",SW6337
Peach Fuzz,"rgb(236, 207, 187)",SW6344
Sweet Orange,"rgb(235, 204, 179)",SW6351
Creamery,"rgb(237, 208, 182)",SW6358
Cachet Cream,"rgb(243, 217, 186)",SW6365
Inviting Ivory,"rgb(242, 213, 176)",SW6372
Jersey Cream,"rgb(245, 222, 187)",SW6379
Warming Peach,"rgb(228, 185, 162)",SW6338
Sumptuous Peach,"rgb(229, 185, 155)",SW6345
Soft Apricot,"rgb(224, 179, 146)",SW6352
Sociable,"rgb(232, 190, 155)",SW6359
Ambitious Amber,"rgb(240, 203, 151)",SW6366
Harvester,"rgb(237, 195, 142)",SW6373
Humble Gold,"rgb(237, 199, 150)",SW6380
Persimmon,"rgb(217, 152, 124)",SW6339
Fame Orange,"rgb(219, 156, 123)",SW6346
Windswept Canyon,"rgb(219, 164, 128)",SW9010
Sun Bleached Ochre,"rgb(227, 171, 123)",SW9011
Viva Gold,"rgb(227, 172, 114)",SW6367
Polvo de Oro,"rgb(232, 184, 127)",SW9012
Bee's Wax,"rgb(234, 191, 134)",SW7682
Subdued Sienna,"rgb(204, 137, 108)",SW9009
Chrysanthemum,"rgb(196, 123, 91)",SW6347
Chivalry Copper,"rgb(212, 150, 110)",SW6353
Folksy Gold,"rgb(214, 153, 105)",SW6360
Bakelite Gold,"rgb(215, 153, 93)",SW6368
Torchlight,"rgb(229, 174, 107)",SW6374
Anjou Pear,"rgb(221, 172, 109)",SW6381
Baked Clay,"rgb(193, 120, 92)",SW6340
Reynard,"rgb(180, 104, 72)",SW6348
Armagnac,"rgb(195, 128, 88)",SW6354
Autumnal,"rgb(205, 140, 93)",SW6361
Tassel,"rgb(198, 136, 74)",SW6369
Honeycomb,"rgb(213, 152, 88)",SW6375
Ceremonial Gold,"rgb(214, 158, 89)",SW6382
Red Cent,"rgb(173, 101, 76)",SW6341
Pennywise,"rgb(162, 88, 58)",SW6349
Truepenny,"rgb(180, 108, 66)",SW6355
Tigereye,"rgb(187, 119, 72)",SW6362
Saucy Gold,"rgb(182, 116, 59)",SW6370
Gold Coast,"rgb(199, 133, 56)",SW6376
Golden Rule,"rgb(204, 146, 73)",SW6383
Spicy Hue,"rgb(153, 75, 53)",SW6342
Sierra Redwood,"rgb(146, 78, 60)",SW7598
Copper Mountain,"rgb(166, 97, 60)",SW6356
Gingery,"rgb(176, 108, 62)",SW6363
Copper Pot,"rgb(177, 106, 55)",SW7709
Butterscotch,"rgb(182, 125, 60)",SW6377
Cut the Mustard,"rgb(186, 127, 56)",SW6384
Realist Beige,"rgb(211, 200, 189)",SW6078
Touch of Sand,"rgb(213, 199, 186)",SW9085
Lightweight Beige,"rgb(218, 200, 184)",SW6092
Sand Dollar,"rgb(215, 197, 179)",SW6099
Playa Arenosa,"rgb(220, 199, 179)",SW9094
Tres Naturale,"rgb(220, 199, 173)",SW9101
Kilim Beige,"rgb(215, 197, 174)",SW6106
Diverse Beige,"rgb(194, 180, 167)",SW6079
Cool Beige,"rgb(198, 181, 167)",SW9086
Familiar Beige,"rgb(202, 179, 160)",SW6093
Practical Beige,"rgb(201, 178, 156)",SW6100
Ginger Root,"rgb(210, 183, 158)",SW9095
Quinoa,"rgb(207, 181, 151)",SW9102
Nomadic Desert,"rgb(199, 177, 152)",SW6107
Utterly Beige,"rgb(181, 165, 151)",SW6080
Smoky Beige,"rgb(185, 167, 150)",SW9087
Sensational Sand,"rgb(191, 163, 141)",SW6094
Sands of Time,"rgb(188, 163, 139)",SW6101
Beige Intenso,"rgb(197, 168, 141)",SW9096
Farro,"rgb(193, 164, 133)",SW9103
Latte,"rgb(186, 161, 133)",SW6108
Cocoa Whip,"rgb(160, 142, 126)",SW9084
Utaupeia,"rgb(165, 143, 123)",SW9088
Iced Mocha,"rgb(163, 132, 108)",SW9092
Nearly Brown,"rgb(168, 142, 118)",SW9093
Soft Fawn,"rgb(181, 151, 120)",SW9097
Woven Wicker,"rgb(185, 153, 116)",SW9104
Double Latte,"rgb(167, 140, 113)",SW9108
Down Home,"rgb(144, 120, 101)",SW6081
Llama Wool,"rgb(145, 120, 100)",SW9089
Toasty,"rgb(149, 114, 88)",SW6095
Portabello,"rgb(148, 122, 98)",SW6102
Baked Cookie,"rgb(137, 103, 74)",SW9098
Almond Roca,"rgb(167, 131, 97)",SW9105
Hopsack,"rgb(158, 129, 99)",SW6109
Cobble Brown,"rgb(122, 100, 85)",SW6082
Caraïbe,"rgb(120, 95, 76)",SW9090
Jute Brown,"rgb(129, 93, 64)",SW6096
Tea Chest,"rgb(125, 100, 77)",SW6103
Saddle Up,"rgb(114, 82, 55)",SW9099
El Caramelo,"rgb(148, 110, 72)",SW9106
Steady Brown,"rgb(138, 107, 77)",SW6110
Sable,"rgb(95, 75, 63)",SW6083
Half-Caff,"rgb(96, 76, 61)",SW9091
Sturdy Brown,"rgb(105, 72, 44)",SW6097
Kaffee,"rgb(101, 80, 61)",SW6104
Umber Rust,"rgb(118, 81, 56)",SW9100
Über Umber,"rgb(123, 88, 56)",SW9107
Coconut Husk,"rgb(112, 87, 63)",SW6111
Gusto Gold,"rgb(248, 172, 29)",SW6904
Goldfinch,"rgb(253, 183, 2)",SW6905
Decisive Yellow,"rgb(253, 204, 78)",SW6902
Forsythia,"rgb(255, 200, 1)",SW6907
Lemon Twist,"rgb(254, 217, 93)",SW6909
Daisy,"rgb(254, 211, 64)",SW6910
Confident Yellow,"rgb(254, 203, 1)",SW6911
Enjoyable Yellow,"rgb(245, 214, 169)",SW6666
Banana Cream,"rgb(245, 222, 175)",SW6673
They call it Mellow,"rgb(251, 228, 179)",SW9015
Friendly Yellow,"rgb(245, 224, 177)",SW6680
Lantern Light,"rgb(244, 225, 174)",SW6687
Glad Yellow,"rgb(245, 225, 172)",SW6694
Pineapple Cream,"rgb(242, 234, 195)",SW1668
Afterglow,"rgb(246, 205, 142)",SW6667
Jonquil,"rgb(247, 211, 145)",SW6674
La Luna Amarilla,"rgb(253, 223, 160)",SW9016
Butter Up,"rgb(246, 221, 163)",SW6681
Solaria,"rgb(245, 214, 143)",SW6688
Midday,"rgb(247, 215, 138)",SW6695
Icy Lemonade,"rgb(244, 232, 178)",SW1667
Sunrise,"rgb(244, 191, 119)",SW6668
Pollen Powder,"rgb(251, 209, 135)",SW9014
Sunny Veranda,"rgb(254, 223, 148)",SW9017
Naples Yellow,"rgb(246, 213, 143)",SW9021
Yellow Bird,"rgb(241, 205, 123)",SW9022
Quilt Gold,"rgb(234, 195, 101)",SW6696
Venetian Yellow,"rgb(246, 227, 161)",SW1666
Olden Amber,"rgb(238, 183, 107)",SW9013
Afternoon,"rgb(251, 203, 120)",SW6675
Honey Bees,"rgb(251, 214, 130)",SW9018
June Day,"rgb(246, 201, 115)",SW6682
Overjoy,"rgb(238, 194, 95)",SW6689
Nugget,"rgb(219, 176, 74)",SW6697
Fun Yellow,"rgb(247, 229, 148)",SW6908
Yarrow,"rgb(235, 173, 94)",SW6669
Butterfield,"rgb(247, 190, 91)",SW6676
Golden Plumeria,"rgb(251, 208, 115)",SW9019
Bee,"rgb(241, 186, 85)",SW6683
Gambol Gold,"rgb(225, 176, 71)",SW6690
Kingdom Gold,"rgb(209, 164, 54)",SW6698
Funky Yellow,"rgb(237, 210, 111)",SW6913
Gold Crest,"rgb(223, 153, 56)",SW6670
Goldenrod,"rgb(242, 175, 70)",SW6677
Rayo de Sol,"rgb(244, 196, 84)",SW9020
Brittlebush,"rgb(234, 174, 71)",SW6684
Glitzy Gold,"rgb(214, 160, 43)",SW6691
Crispy Gold,"rgb(196, 152, 50)",SW6699
Eye Catching,"rgb(221, 184, 53)",SW6914
Curry,"rgb(216, 143, 50)",SW6671
Sunflower,"rgb(227, 154, 51)",SW6678
Cheerful,"rgb(255, 199, 35)",SW6903
Trinket,"rgb(214, 152, 53)",SW6685
Auric,"rgb(196, 137, 25)",SW6692
Olde World Gold,"rgb(143, 108, 62)",SW7700
Citronella,"rgb(203, 169, 1)",SW6915
Napery,"rgb(239, 221, 193)",SW6386
Ivoire,"rgb(228, 206, 172)",SW6127
Believable Buff,"rgb(219, 199, 168)",SW6120
Convivial Yellow,"rgb(233, 214, 176)",SW6393
Lucent Yellow,"rgb(228, 208, 165)",SW6400
Ancestral Gold,"rgb(221, 205, 166)",SW6407
Rice Paddy,"rgb(223, 212, 176)",SW6414
Compatible Cream,"rgb(232, 200, 158)",SW6387
Blonde,"rgb(220, 189, 146)",SW6128
Whole Wheat,"rgb(205, 181, 146)",SW6121
Sequin,"rgb(225, 194, 141)",SW6394
Pale Moss,"rgb(220, 199, 151)",SW9027
Wheat Grass,"rgb(203, 181, 132)",SW6408
Hearts of Palm,"rgb(207, 194, 145)",SW6415
Dakota Wheat,"rgb(225, 189, 142)",SW9023
Restrained Gold,"rgb(210, 176, 132)",SW6129
Camelback,"rgb(197, 170, 133)",SW6122
Tarnished Trumpet,"rgb(213, 177, 118)",SW9026
Independent Gold,"rgb(210, 186, 131)",SW6401
Dusted Olive,"rgb(190, 167, 117)",SW9028
Cool Avocado,"rgb(196, 180, 125)",SW9029
Golden Fleece,"rgb(214, 173, 120)",SW6388
Vintage Gold,"rgb(203, 165, 118)",SW9024
Coriander Powder,"rgb(186, 156, 117)",SW9025
Alchemy,"rgb(201, 158, 83)",SW6395
Antiquity,"rgb(194, 164, 98)",SW6402
Edgy Gold,"rgb(177, 151, 95)",SW6409
Sassy Green,"rgb(187, 168, 106)",SW6416
Butternut,"rgb(204, 155, 92)",SW6389
Mannered Gold,"rgb(193, 151, 99)",SW6130
Baguette,"rgb(179, 145, 103)",SW6123
Different Gold,"rgb(188, 147, 77)",SW6396
Escapade Gold,"rgb(184, 155, 89)",SW6403
Brassy,"rgb(157, 131, 68)",SW6410
Tupelo Tree,"rgb(156, 145, 82)",SW6417
Bosc Pear,"rgb(192, 144, 86)",SW6390
Chamois,"rgb(173, 132, 81)",SW6131
Cardboard,"rgb(156, 122, 86)",SW6124
Nankeen,"rgb(170, 128, 58)",SW6397
Grandiose,"rgb(156, 127, 65)",SW6404
Bengal Grass,"rgb(142, 119, 63)",SW6411
Rural Green,"rgb(141, 132, 77)",SW6418
Gallant Gold,"rgb(164, 118, 60)",SW6391
Relic Bronze,"rgb(144, 106, 58)",SW6132
Craft Paper,"rgb(138, 102, 69)",SW6125
Sconce Gold,"rgb(153, 111, 50)",SW6398
Fervent Brass,"rgb(149, 121, 61)",SW6405
Eminent Bronze,"rgb(122, 104, 65)",SW6412
Saguaro,"rgb(101, 95, 45)",SW6419
Natural Linen,"rgb(223, 211, 195)",SW9109
Softer Tan,"rgb(218, 202, 178)",SW6141
Wool Skein,"rgb(217, 207, 186)",SW6148
Netsuke,"rgb(224, 207, 176)",SW6134
Dirty Martini,"rgb(221, 208, 182)",SW9119
Rice Grain,"rgb(219, 208, 185)",SW6155
Sedate Gray,"rgb(209, 205, 191)",SW6169
Malabar,"rgb(207, 190, 169)",SW9110
Macadamia,"rgb(204, 183, 155)",SW6142
Relaxed Khaki,"rgb(200, 187, 163)",SW6149
Ecru,"rgb(208, 186, 148)",SW6135
Tumblin' Tumbleweed,"rgb(205, 187, 156)",SW9120
Ramie,"rgb(205, 189, 162)",SW6156
Techno Gray,"rgb(191, 185, 170)",SW6170
Antler Velvet,"rgb(192, 173, 150)",SW9111
Basket Beige,"rgb(192, 169, 139)",SW6143
Universal Khaki,"rgb(184, 169, 146)",SW6150
Harmonic Tan,"rgb(198, 176, 138)",SW6136
Sawgrass Basket,"rgb(195, 176, 144)",SW9121
Favorite Tan,"rgb(193, 174, 145)",SW6157
Chatroom,"rgb(176, 171, 156)",SW6171
Song Thrush,"rgb(175, 152, 127)",SW9112
Serengeti Grass,"rgb(171, 149, 121)",SW9116
Urban Jungle,"rgb(164, 148, 126)",SW9117
Tarnished Treasure,"rgb(185, 164, 126)",SW9118
Dried Edamame,"rgb(177, 159, 128)",SW9122
Fenland,"rgb(172, 157, 131)",SW7544
Honed Soapstone,"rgb(157, 152, 135)",SW9126
Mudslide,"rgb(160, 133, 104)",SW9113
Dapper Tan,"rgb(148, 127, 101)",SW6144
Quiver Tan,"rgb(142, 127, 106)",SW6151
Burlap,"rgb(172, 149, 113)",SW6137
Barro Verde,"rgb(159, 142, 113)",SW9123
Sawdust,"rgb(153, 137, 112)",SW6158
Hardware,"rgb(139, 131, 114)",SW6172
Fallen Leaves,"rgb(143, 118, 89)",SW9114
Thatch Brown,"rgb(134, 112, 87)",SW6145
Superior Bronze,"rgb(120, 105, 87)",SW6152
Artifact,"rgb(154, 129, 94)",SW6138
Verde Marrón,"rgb(135, 116, 89)",SW9124
High Tea,"rgb(126, 111, 89)",SW6159
Cocoon,"rgb(114, 107, 91)",SW6173
Cowboy Boots,"rgb(105, 82, 57)",SW9115
Umber,"rgb(110, 84, 60)",SW6146
Protégé Bronze,"rgb(102, 84, 62)",SW6153
Mossy Gold,"rgb(127, 103, 67)",SW6139
Oliva Oscuro,"rgb(102, 84, 57)",SW9125
Best Bronze,"rgb(93, 81, 62)",SW6160
Muddled Basil,"rgb(90, 82, 67)",SW7745
Humorous Green,"rgb(198, 184, 54)",SW6918
Center Stage,"rgb(178, 194, 22)",SW6920
Electric Lime,"rgb(154, 186, 37)",SW6921
Direct Green,"rgb(63, 138, 36)",SW6924
Envy,"rgb(53, 140, 63)",SW6925
Lucky Green,"rgb(35, 134, 82)",SW6926
Greenbelt,"rgb(1, 114, 68)",SW6927
Moonraker,"rgb(238, 227, 178)",SW6701
Springtime,"rgb(233, 229, 179)",SW6708
Lime Granita,"rgb(220, 225, 184)",SW6715
Lacewing,"rgb(215, 227, 202)",SW6729
Cucumber,"rgb(211, 223, 195)",SW6722
Jocular Green,"rgb(204, 226, 202)",SW6736
Mint Condition,"rgb(209, 227, 210)",SW6743
Lively Yellow,"rgb(230, 216, 142)",SW6702
Gleeful,"rgb(218, 215, 144)",SW6709
Dancing Green,"rgb(197, 205, 143)",SW6716
Romaine,"rgb(192, 210, 173)",SW6730
Jardin,"rgb(189, 208, 171)",SW6723
Kiwi,"rgb(174, 210, 176)",SW6737
Reclining Green,"rgb(183, 215, 191)",SW6744
Frolic,"rgb(217, 198, 97)",SW6703
Primavera,"rgb(210, 208, 131)",SW9031
Lime Rickey,"rgb(175, 185, 106)",SW6717
Oh Pistachio,"rgb(171, 202, 153)",SW9033
Seawashed Glass,"rgb(169, 192, 149)",SW9034
Vegan,"rgb(142, 194, 152)",SW6738
Retro Mint,"rgb(159, 205, 177)",SW9036
Limón Fresco,"rgb(206, 188, 85)",SW9030
Mélange Green,"rgb(196, 196, 118)",SW6710
Stay in Lime,"rgb(159, 172, 92)",SW9032
Picnic,"rgb(153, 194, 133)",SW6731
Mesclun Green,"rgb(157, 182, 130)",SW6724
Frosted Emerald,"rgb(120, 177, 133)",SW9035
Lark Green,"rgb(138, 193, 161)",SW6745
Hep Green,"rgb(196, 177, 70)",SW6704
Parakeet,"rgb(180, 176, 90)",SW6711
Overt Green,"rgb(151, 165, 84)",SW6718
Organic Green,"rgb(127, 172, 110)",SW6732
Pickle,"rgb(133, 161, 106)",SW6725
Eco Green,"rgb(104, 166, 120)",SW6739
Julep,"rgb(87, 170, 128)",SW6746
High Strung,"rgb(172, 152, 37)",SW6705
Luau Green,"rgb(152, 151, 70)",SW6712
Gecko,"rgb(122, 136, 51)",SW6719
Grasshopper,"rgb(79, 133, 74)",SW6733
Talipot Palm,"rgb(100, 129, 73)",SW6726
Kilkenny,"rgb(73, 133, 85)",SW6740
Argyle,"rgb(52, 138, 93)",SW6747
Offbeat Green,"rgb(156, 139, 31)",SW6706
Verdant,"rgb(132, 126, 53)",SW6713
Paradise,"rgb(108, 123, 48)",SW6720
Espalier,"rgb(47, 95, 58)",SW6734
Houseplant,"rgb(88, 113, 63)",SW6727
Derbyshire,"rgb(36, 94, 54)",SW6741
Greens,"rgb(1, 104, 68)",SW6748
Celery,"rgb(224, 221, 189)",SW6421
Honeydew,"rgb(219, 221, 189)",SW6428
Gratifying Green,"rgb(218, 226, 205)",SW6435
Supreme Green,"rgb(207, 221, 199)",SW6442
Topiary Tint,"rgb(200, 216, 196)",SW6449
Slow Green,"rgb(198, 213, 201)",SW6456
Breaktime,"rgb(196, 217, 206)",SW6463
Shagreen,"rgb(203, 201, 157)",SW6422
Baize Green,"rgb(199, 205, 168)",SW6429
Bonsai Tint,"rgb(197, 209, 178)",SW6436
Relish,"rgb(179, 203, 170)",SW6443
Easy Green,"rgb(172, 194, 168)",SW6450
Kind Green,"rgb(170, 194, 179)",SW6457
Aloe,"rgb(172, 202, 188)",SW6464
Baby Bok Choy,"rgb(187, 185, 138)",SW9037
Great Green,"rgb(171, 180, 134)",SW6430
Haven,"rgb(163, 180, 140)",SW6437
Lounge Green,"rgb(139, 169, 127)",SW6444
Nurture Green,"rgb(152, 176, 146)",SW6451
Restful,"rgb(145, 175, 157)",SW6458
Spearmint,"rgb(148, 181, 166)",SW6465
Ryegrass,"rgb(174, 172, 122)",SW6423
Cucuzza Verde,"rgb(155, 163, 115)",SW9038
Broccoflower,"rgb(143, 162, 119)",SW9039
Reseda Green,"rgb(117, 148, 107)",SW9040
Agate Green,"rgb(142, 164, 134)",SW7742
Parisian Patina,"rgb(125, 155, 137)",SW9041
Verdigreen,"rgb(129, 165, 149)",SW9042
Tansy Green,"rgb(149, 148, 92)",SW6424
Leapfrog,"rgb(136, 145, 93)",SW6431
Dill,"rgb(120, 141, 96)",SW6438
Garden Grove,"rgb(94, 127, 87)",SW6445
Inland,"rgb(108, 136, 103)",SW6452
Jadite,"rgb(97, 130, 108)",SW6459
Grandview,"rgb(107, 146, 127)",SW6466
Relentless Olive,"rgb(113, 113, 62)",SW6425
Garden Spot,"rgb(109, 118, 69)",SW6432
Greenfield,"rgb(96, 114, 79)",SW6439
Arugula,"rgb(66, 96, 60)",SW6446
Cilantro,"rgb(83, 113, 80)",SW6453
Kale Green,"rgb(79, 106, 86)",SW6460
Kendal Green,"rgb(84, 120, 103)",SW6467
Basque Green,"rgb(95, 96, 51)",SW6426
Inverness,"rgb(87, 98, 56)",SW6433
Courtyard,"rgb(71, 88, 66)",SW6440
Evergreens,"rgb(64, 88, 64)",SW6447
Shamrock,"rgb(32, 81, 52)",SW6454
Isle of Pines,"rgb(61, 85, 65)",SW6461
Hunt Club,"rgb(42, 79, 67)",SW6468
Ancient Marble,"rgb(209, 204, 185)",SW6162
Liveable Green,"rgb(206, 206, 189)",SW6176
Filmy Green,"rgb(209, 211, 199)",SW6190
Conservative Gray,"rgb(209, 208, 198)",SW6183
Aloof Gray,"rgb(201, 201, 192)",SW6197
Sea Salt,"rgb(205, 210, 202)",SW6204
Rainwashed,"rgb(194, 205, 197)",SW6211
Grassland,"rgb(193, 188, 167)",SW6163
Softened Green,"rgb(187, 188, 167)",SW6177
Contented,"rgb(189, 192, 179)",SW6191
Austere Gray,"rgb(190, 191, 178)",SW6184
Sensible Hue,"rgb(182, 181, 171)",SW6198
Comfort Gray,"rgb(190, 195, 187)",SW6205
Quietude,"rgb(173, 187, 178)",SW6212
Svelte Sage,"rgb(178, 172, 150)",SW6164
Clary Sage,"rgb(172, 173, 151)",SW6178
Coastal Plain,"rgb(159, 166, 148)",SW6192
Escape Gray,"rgb(171, 172, 159)",SW6185
Rare Gray,"rgb(166, 166, 155)",SW6199
Oyster Bay,"rgb(174, 179, 169)",SW6206
Halcyon Green,"rgb(155, 170, 162)",SW6213
At Ease Soldier,"rgb(158, 153, 133)",SW9127
Green Onyx,"rgb(152, 154, 130)",SW9128
Jade Dragon,"rgb(144, 152, 134)",SW9129
Evergreen Fog,"rgb(149, 151, 138)",SW9130
Cornwall Slate,"rgb(148, 148, 136)",SW9131
Acacia Haze,"rgb(150, 156, 146)",SW9132
Jasper Stone,"rgb(141, 158, 151)",SW9133
Connected Gray,"rgb(137, 132, 115)",SW6165
Artichoke,"rgb(127, 130, 102)",SW6179
Privilege Green,"rgb(122, 135, 117)",SW6193
Dried Thyme,"rgb(123, 128, 112)",SW6186
Link Gray,"rgb(127, 126, 114)",SW6200
Retreat,"rgb(122, 128, 118)",SW6207
Underseas,"rgb(124, 142, 135)",SW6214
Eclipse,"rgb(107, 103, 87)",SW6166
Oakmoss,"rgb(101, 104, 76)",SW6180
Basil,"rgb(98, 110, 96)",SW6194
Rosemary,"rgb(100, 105, 92)",SW6187
Thunderous,"rgb(109, 108, 98)",SW6201
Pewter Green,"rgb(94, 98, 89)",SW6208
Rocky River,"rgb(94, 112, 106)",SW6215
Garden Gate,"rgb(94, 89, 73)",SW6167
Secret Garden,"rgb(79, 82, 58)",SW6181
Rock Garden,"rgb(70, 84, 72)",SW6195
Shade-Grown,"rgb(78, 81, 71)",SW6188
Cast Iron,"rgb(100, 100, 90)",SW6202
Ripe Olive,"rgb(68, 72, 61)",SW6209
Jasper,"rgb(52, 59, 54)",SW6216
Jitterbug Jade,"rgb(1, 157, 110)",SW6987
Nifty Turquoise,"rgb(1, 145, 135)",SW6941
Splashy,"rgb(1, 145, 150)",SW6942
Intense Teal,"rgb(1, 118, 128)",SW6943
Calypso,"rgb(1, 176, 187)",SW6950
Dynamic Blue,"rgb(1, 146, 198)",SW6958
Hyper Blue,"rgb(1, 95, 151)",SW6965
Waterfall,"rgb(192, 227, 218)",SW6750
Tame Teal,"rgb(193, 230, 223)",SW6757
Swimming,"rgb(194, 229, 229)",SW6764
Bathe Blue,"rgb(194, 224, 227)",SW6771
Aviary Blue,"rgb(198, 227, 232)",SW6778
Quench Blue,"rgb(180, 224, 231)",SW6785
Minor Blue,"rgb(183, 223, 232)",SW6792
Refresh,"rgb(161, 212, 200)",SW6751
Aqueduct,"rgb(161, 213, 203)",SW6758
Spa,"rgb(167, 220, 220)",SW6765
Cay,"rgb(166, 208, 214)",SW6772
Liquid Blue,"rgb(166, 212, 222)",SW6779
Cloudless,"rgb(143, 208, 221)",SW6786
Bluebell,"rgb(162, 213, 231)",SW6793
Aquastone,"rgb(137, 198, 183)",SW9043
Little Blue Box,"rgb(138, 197, 186)",SW9044
Bora Bora Shore,"rgb(146, 208, 208)",SW9045
Gentle Aquamarine,"rgb(151, 203, 210)",SW9046
After the Rain,"rgb(139, 196, 209)",SW9047
Surfin',"rgb(115, 192, 210)",SW9048
Sky Fall,"rgb(137, 198, 223)",SW9049
Larchmere,"rgb(112, 186, 167)",SW6752
Cooled Blue,"rgb(117, 185, 174)",SW6759
Mariner,"rgb(110, 194, 196)",SW6766
Rapture Blue,"rgb(125, 193, 203)",SW6773
Nautilus,"rgb(113, 184, 199)",SW6780
Fountain,"rgb(86, 181, 202)",SW6787
Flyway,"rgb(93, 179, 212)",SW6794
Jargon Jade,"rgb(83, 163, 143)",SW6753
Rivulet,"rgb(97, 168, 157)",SW6760
Aquarium,"rgb(58, 169, 174)",SW6767
Freshwater,"rgb(77, 166, 178)",SW6774
Jamaica Bay,"rgb(52, 163, 182)",SW6781
Capri,"rgb(1, 160, 184)",SW6788
Major Blue,"rgb(40, 158, 196)",SW6795
Ionian,"rgb(54, 137, 118)",SW6754
Thermal Spring,"rgb(59, 140, 128)",SW6761
Gulfstream,"rgb(1, 133, 139)",SW6768
Briny,"rgb(8, 128, 142)",SW6775
Cruising,"rgb(1, 132, 152)",SW6782
Blue Mosque,"rgb(1, 129, 158)",SW6789
Blue Plate,"rgb(1, 124, 167)",SW6796
Starboard,"rgb(1, 108, 79)",SW6755
Poseidon,"rgb(1, 109, 96)",SW6762
Maxi Teal,"rgb(1, 116, 120)",SW6769
Blue Nile,"rgb(1, 113, 126)",SW6776
Amalfi,"rgb(1, 110, 133)",SW6783
Adriatic Sea,"rgb(1, 96, 129)",SW6790
Jay Blue,"rgb(1, 93, 135)",SW6797
Waterscape,"rgb(191, 210, 201)",SW6470
Tidewater,"rgb(195, 215, 211)",SW6477
Meander Blue,"rgb(190, 219, 216)",SW6484
Open Air,"rgb(199, 223, 224)",SW6491
Little Boy Blu,"rgb(199, 216, 219)",SW9054
Byte Blue,"rgb(197, 220, 224)",SW6498
Atmospheric,"rgb(194, 218, 224)",SW6505
Hazel,"rgb(168, 193, 183)",SW6471
Watery,"rgb(180, 204, 201)",SW6478
Raindrop,"rgb(158, 198, 198)",SW6485
Jetstream,"rgb(176, 210, 214)",SW6492
Billowy Breeze,"rgb(175, 199, 205)",SW9055
Stream,"rgb(173, 204, 211)",SW6499
Vast Sky,"rgb(169, 201, 215)",SW6506
Vintage Vessel,"rgb(148, 178, 166)",SW9050
Aquaverde,"rgb(163, 192, 189)",SW9051
Blithe Blue,"rgb(144, 189, 189)",SW9052
Agua Fría,"rgb(159, 197, 204)",SW9053
French Moire,"rgb(159, 187, 195)",SW9056
Rest Assured,"rgb(155, 191, 201)",SW9061
Resolute Blue,"rgb(133, 176, 196)",SW6507
Composed,"rgb(126, 162, 152)",SW6472
Drizzle,"rgb(140, 174, 171)",SW6479
Reflecting Pool,"rgb(123, 177, 178)",SW6486
Ebbtide,"rgb(132, 180, 190)",SW6493
Aquitaine,"rgb(136, 171, 180)",SW9057
Open Seas,"rgb(131, 175, 188)",SW6500
Bluebird Feather,"rgb(111, 157, 179)",SW9062
Surf Green,"rgb(95, 136, 125)",SW6473
Lagoon,"rgb(81, 134, 130)",SW6480
Cloudburst,"rgb(92, 149, 152)",SW6487
Lakeshore,"rgb(91, 150, 162)",SW6494
Secret Cove,"rgb(104, 144, 157)",SW9058
Manitou Blue,"rgb(91, 146, 162)",SW6501
Secure Blue,"rgb(83, 137, 161)",SW6508
Raging Sea,"rgb(71, 111, 101)",SW6474
Green Bay,"rgb(46, 104, 100)",SW6481
Grand Canal,"rgb(60, 121, 125)",SW6488
Great Falls,"rgb(33, 119, 134)",SW6495
Silken Peacock,"rgb(66, 117, 132)",SW9059
Loch Blue,"rgb(47, 119, 139)",SW6502
Georgian Bay,"rgb(34, 101, 127)",SW6509
Country Squire,"rgb(18, 74, 66)",SW6475
Cape Verde,"rgb(1, 85, 79)",SW6482
Really Teal,"rgb(1, 99, 103)",SW6489
Oceanside,"rgb(1, 90, 107)",SW6496
Connor's Lakefront,"rgb(23, 90, 108)",SW9060
Bosporus,"rgb(1, 93, 117)",SW6503
Loyal Blue,"rgb(1, 69, 94)",SW6510
Tradewind,"rgb(194, 207, 207)",SW6218
Sleepy Blue,"rgb(188, 203, 206)",SW6225
Lullaby,"rgb(203, 212, 212)",SW9136
Misty,"rgb(205, 210, 210)",SW6232
Moonmist,"rgb(201, 217, 224)",SW9144
Upward,"rgb(191, 201, 208)",SW6239
North Star,"rgb(202, 208, 210)",SW6246
Rain,"rgb(171, 190, 191)",SW6219
Languid Blue,"rgb(164, 183, 189)",SW6226
Niebla Azul,"rgb(182, 195, 196)",SW9137
Samovar Silver,"rgb(184, 190, 190)",SW6233
Sleepy Hollow,"rgb(183, 201, 209)",SW9145
Windy Blue,"rgb(170, 186, 198)",SW6240
Krypton,"rgb(184, 192, 195)",SW6247
Interesting Aqua,"rgb(155, 175, 178)",SW6220
Meditative,"rgb(150, 170, 176)",SW6227
Stardew,"rgb(166, 178, 181)",SW9138
Uncertain Gray,"rgb(169, 176, 177)",SW6234
Faded Flaxflower,"rgb(158, 180, 192)",SW9146
Aleutian,"rgb(152, 169, 183)",SW6241
Jubilee,"rgb(173, 181, 185)",SW6248
Delft,"rgb(139, 159, 160)",SW9134
Whirlpool,"rgb(128, 150, 157)",SW9135
Debonair,"rgb(144, 160, 166)",SW9139
Cadet,"rgb(145, 153, 156)",SW9143
Favorite Jeans,"rgb(138, 163, 177)",SW9147
Daphne,"rgb(137, 156, 170)",SW9151
Let it Rain,"rgb(151, 159, 165)",SW9152
Moody Blue,"rgb(122, 145, 146)",SW6221
Refuge,"rgb(96, 125, 132)",SW6228
Blustery Sky,"rgb(111, 132, 140)",SW9140
Foggy Day,"rgb(114, 124, 127)",SW6235
Smoky Azurite,"rgb(112, 141, 158)",SW9148
Bracing Blue,"rgb(118, 139, 154)",SW6242
Storm Cloud,"rgb(122, 132, 141)",SW6249
Riverway,"rgb(93, 114, 116)",SW6222
Tempe Star,"rgb(71, 98, 106)",SW6229
Waterloo,"rgb(83, 104, 114)",SW9141
Grays Harbor,"rgb(89, 99, 104)",SW6236
Inky Blue,"rgb(78, 114, 135)",SW9149
Distance,"rgb(93, 111, 127)",SW6243
Granite Peak,"rgb(96, 107, 117)",SW6250
Still Water,"rgb(74, 93, 95)",SW6223
Rainstorm,"rgb(36, 70, 83)",SW6230
Moscow Midnight,"rgb(32, 70, 82)",SW9142
Dark Night,"rgb(35, 56, 63)",SW6237
Endless Sea,"rgb(50, 88, 110)",SW9150
Indigo Batik,"rgb(62, 80, 99)",SW7602
Outerspace,"rgb(88, 97, 104)",SW6251
Blue Chip,"rgb(1, 110, 167)",SW6959
Blueblood,"rgb(1, 80, 134)",SW6966
Frank Blue,"rgb(34, 82, 136)",SW6967
Morning Glory,"rgb(60, 76, 128)",SW6971
Fully Purple,"rgb(81, 76, 126)",SW6983
African Violet,"rgb(102, 83, 133)",SW6982
Passionate Purple,"rgb(121, 84, 132)",SW6981
Soar,"rgb(195, 223, 232)",SW6799
Icelandic,"rgb(203, 216, 225)",SW6526
Rhythmic Blue,"rgb(204, 219, 229)",SW6806
Wishful Blue,"rgb(216, 221, 230)",SW6813
Inspired Lilac,"rgb(223, 217, 228)",SW6820
Elation,"rgb(223, 220, 229)",SW6827
Spangle,"rgb(229, 219, 229)",SW6834
Something Blue,"rgb(176, 214, 230)",SW6800
Blissful Blue,"rgb(178, 200, 216)",SW6527
Wondrous Blue,"rgb(184, 205, 221)",SW6807
Breathtaking,"rgb(199, 209, 226)",SW6814
Potentially Purple,"rgb(209, 203, 223)",SW6821
Rhapsody Lilac,"rgb(210, 200, 221)",SW6828
Euphoric Lilac,"rgb(218, 199, 218)",SW6835
Porch Ceiling,"rgb(155, 200, 222)",SW9063
Cosmos,"rgb(142, 169, 194)",SW6528
Celestial,"rgb(151, 179, 208)",SW6808
Agapanthus,"rgb(187, 197, 222)",SW9066
Wisteria,"rgb(189, 180, 212)",SW6822
Magical,"rgb(192, 175, 208)",SW6829
Novel Lilac,"rgb(194, 164, 194)",SW6836
Regale Blue,"rgb(125, 181, 211)",SW6801
Bluesy Note,"rgb(124, 154, 181)",SW9064
Lobelia,"rgb(116, 152, 190)",SW6809
Awesome Violet,"rgb(167, 178, 212)",SW6815
Forever Lilac,"rgb(175, 165, 199)",SW9067
Berry Frappé,"rgb(179, 161, 198)",SW9068
Baroness,"rgb(167, 133, 167)",SW6837
Jacaranda,"rgb(90, 158, 192)",SW6802
Scanda,"rgb(107, 140, 169)",SW6529
Perfect Periwinkle,"rgb(100, 135, 176)",SW9065
Dahlia,"rgb(139, 152, 196)",SW6816
Brave Purple,"rgb(150, 141, 184)",SW6823
Kismet,"rgb(161, 138, 183)",SW6830
Veri Berri,"rgb(147, 116, 150)",SW9069
Danube,"rgb(35, 119, 162)",SW6803
Revel Blue,"rgb(76, 107, 138)",SW6530
Lupine,"rgb(78, 115, 159)",SW6810
Gentian,"rgb(101, 114, 165)",SW6817
Forget-Me-Not,"rgb(113, 105, 152)",SW6824
Clematis,"rgb(126, 101, 150)",SW6831
Vigorous Violet,"rgb(124, 90, 126)",SW6838
Dignity Blue,"rgb(9, 76, 115)",SW6804
Indigo,"rgb(40, 74, 112)",SW6531
Honorable Blue,"rgb(22, 69, 118)",SW6811
Valiant Violet,"rgb(62, 67, 113)",SW6818
Izmir Purple,"rgb(77, 66, 110)",SW6825
Impulsive Purple,"rgb(98, 73, 119)",SW6832
Kimono Violet,"rgb(93, 57, 95)",SW6839
Balmy,"rgb(197, 216, 222)",SW6512
Hinting Blue,"rgb(206, 217, 221)",SW6519
Mild Blue,"rgb(203, 213, 219)",SW6533
Starry Night,"rgb(214, 217, 222)",SW6540
Silver Peony,"rgb(218, 214, 219)",SW6547
Lite Lavender,"rgb(224, 218, 223)",SW6554
Wallflower,"rgb(219, 207, 212)",SW6281
Take Five,"rgb(179, 201, 211)",SW6513
Honest Blue,"rgb(178, 199, 211)",SW6520
Icy,"rgb(187, 199, 210)",SW6534
Daydream,"rgb(189, 195, 205)",SW6541
Grape Mist,"rgb(197, 192, 201)",SW6548
Enchant,"rgb(209, 198, 210)",SW6555
Mauve Finery,"rgb(203, 184, 192)",SW6282
Respite,"rgb(151, 180, 195)",SW6514
Notable Hue,"rgb(139, 167, 187)",SW6521
Solitude,"rgb(153, 167, 184)",SW6535
Vesper Violet,"rgb(153, 160, 178)",SW6542
Ash Violet,"rgb(162, 155, 170)",SW6549
Obi Lilac,"rgb(176, 163, 182)",SW6556
Thistle,"rgb(170, 142, 154)",SW6283
Baby Blue Eyes,"rgb(131, 162, 180)",SW9070
Dyer's Woad,"rgb(123, 153, 176)",SW9071
Dried Lavender,"rgb(133, 149, 170)",SW9072
Dusty Heather,"rgb(137, 144, 163)",SW9073
Gentle Grape,"rgb(144, 138, 155)",SW9074
Berry Cream,"rgb(154, 140, 162)",SW9075
Ruby Violet,"rgb(155, 126, 139)",SW9076
Leisure Blue,"rgb(106, 142, 161)",SW6515
Sporty Blue,"rgb(106, 138, 164)",SW6522
Searching Blue,"rgb(108, 127, 154)",SW6536
Soulful Blue,"rgb(117, 124, 145)",SW6543
Mythical,"rgb(126, 119, 142)",SW6550
Wood Violet,"rgb(122, 107, 133)",SW6557
Plum Dandy,"rgb(139, 104, 120)",SW6284
Down Pour,"rgb(67, 113, 139)",SW6516
Denim,"rgb(80, 107, 132)",SW6523
Luxe Blue,"rgb(81, 101, 130)",SW6537
Mesmerize,"rgb(93, 101, 123)",SW6544
Purple Passage,"rgb(100, 94, 119)",SW6551
Plummy,"rgb(103, 90, 117)",SW6558
Grape Harvest,"rgb(126, 90, 109)",SW6285
Regatta,"rgb(33, 87, 114)",SW6517
Commodore,"rgb(37, 71, 106)",SW6524
Dignified,"rgb(59, 73, 109)",SW6538
Majestic Purple,"rgb(59, 60, 90)",SW6545
Dewberry,"rgb(62, 56, 90)",SW6552
Concord Grape,"rgb(68, 55, 87)",SW6559
Mature Grape,"rgb(95, 63, 84)",SW6286
Destiny,"rgb(207, 201, 200)",SW6274
Minute Mauve,"rgb(207, 201, 200)",SW7078
Unique Gray,"rgb(203, 201, 201)",SW6260
Sensitive Tint,"rgb(206, 201, 204)",SW6267
Vaguely Mauve,"rgb(209, 197, 196)",SW6015
Individual White,"rgb(212, 205, 202)",SW6008
Angora,"rgb(209, 197, 190)",SW6036
Fashionable Gray,"rgb(189, 184, 184)",SW6275
Ponder,"rgb(188, 182, 182)",SW7079
Swanky Gray,"rgb(181, 177, 181)",SW6261
Veiled Violet,"rgb(189, 181, 185)",SW6268
Chaise Mauve,"rgb(193, 178, 179)",SW6016
Imagine,"rgb(194, 182, 182)",SW6009
Temperate Taupe,"rgb(191, 177, 170)",SW6037
Mystical Shade,"rgb(174, 169, 170)",SW6276
Quest Gray,"rgb(173, 165, 165)",SW7080
Mysterious Mauve,"rgb(166, 163, 169)",SW6262
Beguiling Mauve,"rgb(175, 167, 172)",SW6269
Intuitive,"rgb(179, 163, 165)",SW6017
Flexible Gray,"rgb(177, 163, 161)",SW6010
Truly Taupe,"rgb(172, 158, 151)",SW6038
Moonlit Orchid,"rgb(148, 145, 148)",SW9153
Slate Violet,"rgb(152, 145, 146)",SW9155
Gris Morado,"rgb(143, 138, 145)",SW9156
Autumn Orchid,"rgb(157, 144, 147)",SW9157
Coquina,"rgb(157, 141, 142)",SW9158
Auger Shell,"rgb(159, 146, 145)",SW9159
Armadillo,"rgb(158, 144, 137)",SW9160
Special Gray,"rgb(123, 120, 125)",SW6277
Sensuous Gray,"rgb(131, 125, 127)",SW7081
Exclusive Plum,"rgb(115, 111, 120)",SW6263
Soulmate,"rgb(133, 119, 123)",SW6270
Enigma,"rgb(139, 124, 126)",SW6018
Chinchilla,"rgb(134, 120, 117)",SW6011
Poised Taupe,"rgb(140, 126, 120)",SW6039
Cloak Gray,"rgb(96, 94, 99)",SW6278
Stunning Shade,"rgb(103, 96, 100)",SW7082
Midnight,"rgb(93, 89, 98)",SW6264
Expressive Plum,"rgb(105, 92, 98)",SW6271
Poetry Plum,"rgb(111, 92, 95)",SW6019
Browse Brown,"rgb(110, 97, 95)",SW6012
Nutshell,"rgb(117, 103, 97)",SW6040
Perle Noir,"rgb(79, 77, 81)",SW9154
Darkroom,"rgb(68, 62, 64)",SW7083
Quixotic Plum,"rgb(74, 70, 83)",SW6265
Plum Brown,"rgb(78, 66, 71)",SW6272
Marooned,"rgb(78, 49, 50)",SW6020
Bitter Chocolate,"rgb(77, 60, 60)",SW6013
Otter,"rgb(86, 67, 59)",SW6041
Requisite Gray,"rgb(185, 178, 169)",SW7023
Versatile Gray,"rgb(193, 182, 171)",SW6072
Mindful Gray,"rgb(188, 183, 173)",SW7016
Amazing Gray,"rgb(190, 181, 169)",SW7044
Jogging Path,"rgb(192, 185, 169)",SW7638
Loggia,"rgb(196, 183, 165)",SW7506
Balanced Beige,"rgb(192, 178, 162)",SW7037
Reflection,"rgb(211, 213, 211)",SW7661
Olympus White,"rgb(212, 216, 215)",SW6253
Gray Screen,"rgb(198, 202, 202)",SW7071
Passive,"rgb(203, 204, 201)",SW7064
Silver Strand,"rgb(200, 203, 196)",SW7057
Gossamer Veil,"rgb(211, 206, 196)",SW9165
Silverpointe,"rgb(209, 210, 203)",SW7653
Evening Shadow,"rgb(201, 204, 205)",SW7662
Lazy Gray,"rgb(190, 193, 195)",SW6254
Online,"rgb(176, 181, 181)",SW7072
Argos,"rgb(189, 189, 183)",SW7065
Magnetic Gray,"rgb(178, 181, 175)",SW7058
Drift of Mist,"rgb(220, 216, 208)",SW9166
Lattice,"rgb(206, 206, 198)",SW7654
Monorail Silver,"rgb(184, 188, 187)",SW7663
Morning Fog,"rgb(168, 174, 177)",SW6255
Network Gray,"rgb(160, 165, 167)",SW7073
Gray Matters,"rgb(167, 168, 162)",SW7066
Unusual Gray,"rgb(163, 167, 160)",SW7059
Gray Clouds,"rgb(183, 183, 178)",SW7658
Front Porch,"rgb(204, 204, 197)",SW7651
Steely Gray,"rgb(144, 151, 155)",SW7664
Dustblu,"rgb(149, 155, 160)",SW9161
African Gray,"rgb(147, 152, 153)",SW9162
Tin Lizzie,"rgb(147, 149, 145)",SW9163
Illusive Green,"rgb(146, 148, 141)",SW9164
Mineral Deposit,"rgb(171, 176, 172)",SW7652
Tinsmith,"rgb(197, 200, 196)",SW7657
Wall Street,"rgb(101, 109, 115)",SW7665
Serious Gray,"rgb(125, 132, 139)",SW6256
Software,"rgb(127, 132, 134)",SW7074
Cityscape,"rgb(127, 129, 126)",SW7067
Attitude Gray,"rgb(124, 125, 117)",SW7060
Gris,"rgb(165, 169, 168)",SW7659
Silverplate,"rgb(194, 192, 186)",SW7649
Slate Tile,"rgb(96, 110, 116)",SW7624
Gibraltar,"rgb(98, 105, 112)",SW6257
Web Gray,"rgb(97, 102, 105)",SW7075
Grizzle Gray,"rgb(99, 101, 98)",SW7068
Night Owl,"rgb(99, 101, 95)",SW7061
Earl Grey,"rgb(150, 154, 150)",SW7660
Ellie Gray,"rgb(170, 169, 164)",SW7650
Smoky Blue,"rgb(89, 110, 121)",SW7604
Sea Serpent,"rgb(62, 75, 84)",SW7615
Cyberspace,"rgb(68, 72, 77)",SW7076
Peppercorn,"rgb(88, 88, 88)",SW7674
Laurel Woods,"rgb(68, 73, 61)",SW7749
Homburg Gray,"rgb(102, 109, 105)",SW7622
Stamped Concrete,"rgb(160, 160, 154)",SW7655
Grayish,"rgb(207, 202, 199)",SW6001
Alpaca,"rgb(204, 197, 189)",SW7022
Popular Gray,"rgb(212, 204, 195)",SW6071
Agreeable Gray,"rgb(209, 203, 193)",SW7029
Repose Gray,"rgb(204, 201, 192)",SW7015
Worldly Gray,"rgb(206, 198, 187)",SW7043
Useful Gray,"rgb(207, 202, 189)",SW7050
Essential Gray,"rgb(188, 184, 182)",SW6002
Requisite Gray,"rgb(185, 178, 169)",SW7023
Versatile Gray,"rgb(193, 182, 171)",SW6072
Anew Gray,"rgb(191, 182, 170)",SW7030
Mindful Gray,"rgb(188, 183, 173)",SW7016
Amazing Gray,"rgb(190, 181, 169)",SW7044
Analytical Gray,"rgb(191, 182, 167)",SW7051
Proper Gray,"rgb(173, 168, 165)",SW6003
Functional Gray,"rgb(171, 163, 154)",SW7024
Perfect Greige,"rgb(183, 171, 159)",SW6073
Mega Greige,"rgb(173, 162, 149)",SW7031
Dorian Gray,"rgb(172, 167, 158)",SW7017
Intellectual Gray,"rgb(168, 160, 147)",SW7045
Gray Area,"rgb(175, 166, 150)",SW7052
Polished Concrete,"rgb(158, 151, 147)",SW9167
Elephant Ear,"rgb(152, 143, 133)",SW9168
Chatura Gray,"rgb(160, 146, 135)",SW9169
Keystone Gray,"rgb(158, 146, 132)",SW7504
Acier,"rgb(158, 153, 145)",SW9170
Felted Wool,"rgb(151, 144, 131)",SW9171
Studio Clay,"rgb(149, 141, 127)",SW9172
Mink,"rgb(132, 123, 119)",SW6004
Backdrop,"rgb(134, 122, 111)",SW7025
Spalding Gray,"rgb(141, 127, 117)",SW6074
Warm Stone,"rgb(136, 123, 108)",SW7032
Dovetail,"rgb(144, 138, 131)",SW7018
Anonymous,"rgb(129, 122, 110)",SW7046
Adaptive Shade,"rgb(134, 126, 112)",SW7053
Folkstone,"rgb(109, 101, 98)",SW6005
Griffin,"rgb(111, 100, 89)",SW7026
Garret Gray,"rgb(117, 104, 97)",SW6075
Brainstorm Bronze,"rgb(116, 104, 90)",SW7033
Gauntlet Gray,"rgb(120, 115, 110)",SW7019
Porpoise,"rgb(107, 100, 91)",SW7047
Oak Leaf Brown,"rgb(100, 90, 75)",SW7054
Manor House,"rgb(102, 93, 87)",SW7505
Hickory Smoke,"rgb(86, 69, 55)",SW7027
Chateau Brown,"rgb(91, 75, 68)",SW7510
Status Bronze,"rgb(92, 77, 60)",SW7034
Black Fox,"rgb(79, 72, 66)",SW7020
Urbane Bronze,"rgb(84, 80, 74)",SW7048
Enduring Bronze,"rgb(85, 76, 62)",SW7055
Grecian Ivory,"rgb(216, 207, 190)",SW7541
Shiitake,"rgb(200, 188, 171)",SW9173
Accessible Beige,"rgb(209, 199, 184)",SW7036
Rivers Edge,"rgb(219, 206, 189)",SW7517
Tricorn Black,"rgb(47, 47, 48)",SW6258
Rockweed,"rgb(68, 55, 53)",SW2735
Dress Blues,"rgb(43, 67, 96)",SW9176
Jogging Path,"rgb(192, 185, 169)",SW7638
Loggia,"rgb(196, 183, 165)",SW7506
Balanced Beige,"rgb(192, 178, 162)",SW7037
Bungalow Beige,"rgb(205, 191, 176)",SW7511
Caviar,"rgb(49, 48, 49)",SW6990
Black Bean,"rgb(64, 51, 48)",SW6006
Salty Dog,"rgb(35, 64, 88)",SW9177
Gateway Gray,"rgb(178, 172, 156)",SW7644
Stone Lion,"rgb(179, 164, 145)",SW7507
Tony Taupe,"rgb(177, 162, 144)",SW7038
Dhurrie Beige,"rgb(202, 186, 168)",SW7524
Black Magic,"rgb(50, 49, 50)",SW6991
Raisin,"rgb(57, 43, 45)",SW7630
In the Navy,"rgb(40, 56, 73)",SW9178
Ethereal Mood,"rgb(174, 165, 148)",SW7639
Taupe Tone,"rgb(173, 160, 144)",SW7633
Moth Wing,"rgb(160, 144, 127)",SW9174
Pavilion Beige,"rgb(197, 182, 164)",SW7512
Inkwell,"rgb(49, 54, 58)",SW6992
Deep Forest Brown,"rgb(57, 52, 55)",SW9175
Charcoal Blue,"rgb(61, 68, 80)",SW2739
Fawn Brindle,"rgb(167, 160, 148)",SW7640
Sanderling,"rgb(167, 149, 130)",SW7513
Virtual Taupe,"rgb(138, 122, 106)",SW7039
Threshold Taupe,"rgb(172, 154, 138)",SW7501
Black of Night,"rgb(50, 54, 57)",SW6993
Domino,"rgb(53, 51, 55)",SW6989
Mineral Gray,"rgb(81, 87, 99)",SW2740
Rushing River,"rgb(161, 156, 143)",SW7746
Tavern Taupe,"rgb(156, 138, 121)",SW7508
Smokehouse,"rgb(113, 99, 84)",SW7040
Dry Dock,"rgb(161, 141, 125)",SW7502
Greenblack,"rgb(55, 58, 58)",SW6994
Bohemian Black,"rgb(59, 55, 60)",SW6988
Naval,"rgb(47, 61, 76)",SW6244
Mountain Road,"rgb(134, 133, 120)",SW7743
Foothills,"rgb(130, 116, 102)",SW7514
Van Dyke Brown,"rgb(86, 69, 54)",SW7041
Tiki Hut,"rgb(130, 111, 94)",SW7509
Iron Ore,"rgb(67, 67, 65)",SW7069
Black Swan,"rgb(58, 55, 62)",SW6279
Anchors Aweigh,"rgb(43, 52, 65)",SW9179
Pearly White,"rgb(232, 227, 217)",SW7009
Alabaster,"rgb(237, 234, 224)",SW7008
Snowbound,"rgb(237, 234, 229)",SW7004
Dover White,"rgb(240, 234, 220)",SW6385
Casa Blanca,"rgb(237, 225, 206)",SW7571
Neutral Ground,"rgb(226, 218, 202)",SW7568
Muslin,"rgb(234, 223, 201)",SW6133
Greek Villa,"rgb(240, 236, 226)",SW7551
Pure White,"rgb(237, 236, 230)",SW7005
High Reflective White,"rgb(247, 247, 241)",SW7757
Extra White,"rgb(238, 239, 234)",SW7006
Spare White,"rgb(228, 228, 221)",SW6203
Heron Plume,"rgb(229, 225, 216)",SW6070
Arcade White,"rgb(243, 238, 231)",SW7100
Pearly White,"rgb(232, 227, 217)",SW7009
Alabaster,"rgb(237, 234, 224)",SW7008
Snowbound,"rgb(237, 234, 229)",SW7004
Ceiling Bright White,"rgb(233, 235, 231)",SW7007
Reserved White,"rgb(224, 224, 217)",SW7056
Zurich White,"rgb(230, 225, 217)",SW7626
Ibis White,"rgb(242, 236, 230)",SW7000
Ivory Lace,"rgb(236, 229, 216)",SW7013
Westhighland White,"rgb(243, 238, 227)",SW7566
Toque White,"rgb(231, 226, 218)",SW7003
Ice Cube,"rgb(227, 228, 225)",SW6252
Fleur de Sel,"rgb(220, 221, 216)",SW7666
Origami White,"rgb(229, 226, 218)",SW7636
Cultured Pearl,"rgb(229, 220, 214)",SW6028
Shoji White,"rgb(230, 223, 211)",SW7042
Egret White,"rgb(223, 217, 207)",SW7570
Incredible White,"rgb(227, 222, 215)",SW7028
Rhinestone,"rgb(222, 224, 222)",SW7656
Frosty White,"rgb(221, 221, 214)",SW6196
Aesthetic White,"rgb(227, 221, 211)",SW7035
Nice White,"rgb(230, 221, 213)",SW6063
White Duck,"rgb(229, 223, 210)",SW7010
Pediment,"rgb(211, 204, 196)",SW7634
Eider White,"rgb(226, 222, 216)",SW7014
Nebulous White,"rgb(222, 223, 220)",SW7063
Ethereal White,"rgb(227, 226, 217)",SW6182
White Heron,"rgb(231, 225, 215)",SW7627
Everyday White,"rgb(228, 220, 212)",SW6077
Natural Choice,"rgb(227, 222, 208)",SW7011
Crushed Ice,"rgb(214, 211, 204)",SW7647
First Star,"rgb(218, 217, 212)",SW7646
Rock Candy,"rgb(222, 225, 223)",SW6231
Moderne White,"rgb(226, 224, 215)",SW6168
City Loft,"rgb(223, 218, 209)",SW7631
Gauzy White,"rgb(227, 219, 212)",SW6035
Oyster White,"rgb(226, 221, 208)",SW7637
On the Rocks,"rgb(208, 206, 200)",SW7671
Big Chill,"rgb(208, 206, 201)",SW7648
Site White,"rgb(220, 222, 220)",SW7070
Nuance,"rgb(226, 224, 214)",SW7049
Windfresh White,"rgb(222, 216, 207)",SW7628
Simple White,"rgb(223, 217, 210)",SW7021
Whitetail,"rgb(244, 239, 228)",SW7103
Paperwhite,"rgb(247, 239, 222)",SW7105
Roman Column,"rgb(246, 240, 226)",SW7562
Shell White,"rgb(240, 235, 224)",SW8917
Cotton White,"rgb(247, 239, 227)",SW7104
Steamed Milk,"rgb(236, 225, 209)",SW7554
Marshmallow,"rgb(238, 233, 224)",SW7001
Dover White,"rgb(240, 234, 220)",SW6385
Honied White,"rgb(248, 238, 219)",SW7106
Nacre,"rgb(232, 226, 212)",SW6154
Eggwhite,"rgb(243, 229, 210)",SW6364
Medici Ivory,"rgb(243, 233, 215)",SW7558
Panda White,"rgb(234, 226, 212)",SW6147
White Flour,"rgb(244, 239, 229)",SW7102
Creamy,"rgb(239, 232, 219)",SW7012
Summer White,"rgb(244, 233, 214)",SW7557
Restful White,"rgb(238, 232, 215)",SW7563
Crisp Linen,"rgb(243, 230, 212)",SW6378
Biscuit,"rgb(235, 221, 203)",SW6112
Moderate White,"rgb(233, 222, 207)",SW6140
Downy,"rgb(239, 232, 221)",SW7002
Aged White,"rgb(232, 222, 205)",SW9180
Crème,"rgb(244, 232, 210)",SW7556
Polar Bear,"rgb(232, 223, 202)",SW7564
Casa Blanca,"rgb(237, 225, 206)",SW7571
Intricate Ivory,"rgb(237, 221, 202)",SW6350
Divine White,"rgb(230, 220, 205)",SW6105
Futon,"rgb(237, 230, 219)",SW7101
Neutral Ground,"rgb(226, 218, 202)",SW7568
Décor White,"rgb(242, 229, 207)",SW7559
Muslin,"rgb(234, 223, 201)",SW6133
Navajo White,"rgb(233, 220, 198)",SW6126
Choice Cream,"rgb(240, 225, 208)",SW6357
Kestrel White,"rgb(224, 214, 200)",SW7516
Modest White,"rgb(230, 221, 212)",SW6084
Canvas Tan,"rgb(220, 209, 191)",SW7531
Vanillin,"rgb(242, 227, 202)",SW6371
Antique White,"rgb(232, 220, 198)",SW6119
Lotus Pod,"rgb(231, 215, 194)",SW7572
Fragile Beauty,"rgb(231, 215, 198)",SW7553
Bauhaus Buff,"rgb(231, 219, 204)",SW7552
Reliable White,"rgb(232, 222, 211)",SW6091
Patience,"rgb(226, 211, 191)",SW7555
Eaglet Beige,"rgb(233, 217, 192)",SW7573
Chopsticks,"rgb(224, 209, 184)",SW7575
Echelon Ecru,"rgb(231, 216, 190)",SW7574
Irish Cream,"rgb(227, 210, 184)",SW7537
Only Natural,"rgb(226, 211, 196)",SW7596
Pacer White,"rgb(229, 221, 208)",SW6098
Gardenia,"rgb(243, 226, 201)",SW6665
Restoration Ivory,"rgb(233, 225, 202)",SW6413
Nonchalant White,"rgb(222, 221, 209)",SW6161
Glimmer,"rgb(224, 231, 226)",SW6476
Sky High,"rgb(220, 231, 232)",SW6504
Mountain Air,"rgb(216, 224, 223)",SW6224
Polite White,"rgb(233, 221, 212)",SW6056
Welcome White,"rgb(243, 227, 202)",SW6658
Ionic Ivory,"rgb(231, 223, 197)",SW6406
Spinach White,"rgb(228, 232, 218)",SW6434
Opaline,"rgb(220, 223, 215)",SW6189
Snowdrop,"rgb(224, 232, 231)",SW6511
Quicksilver,"rgb(221, 226, 224)",SW6245
Gorgeous White,"rgb(231, 219, 211)",SW6049
Champagne,"rgb(242, 227, 206)",SW6644
Chamomile,"rgb(233, 224, 197)",SW6399
White Mint,"rgb(224, 231, 218)",SW6441
Window Pane,"rgb(215, 223, 216)",SW6210
Topsail,"rgb(218, 226, 224)",SW6217
Icicle,"rgb(219, 223, 224)",SW6238
Hush White,"rgb(229, 218, 212)",SW6042
Nearly Peach,"rgb(239, 222, 209)",SW6336
Vital Yellow,"rgb(237, 224, 197)",SW6392
Sagey,"rgb(226, 226, 209)",SW6175
Fleeting Green,"rgb(216, 226, 216)",SW6455
Blue Horizon,"rgb(216, 231, 230)",SW6497
Rarified Air,"rgb(225, 230, 230)",SW6525
Dreamy White,"rgb(227, 217, 213)",SW6021
Faint Coral,"rgb(238, 222, 213)",SW6329
Daybreak,"rgb(243, 234, 198)",SW6700
Queen Anne's Lace,"rgb(236, 234, 213)",SW6420
Green Trance,"rgb(215, 228, 219)",SW6462
Bravo Blue,"rgb(211, 231, 233)",SW6784
Snowfall,"rgb(224, 222, 218)",SW6000
Smart White,"rgb(228, 219, 216)",SW6007
Intimate White,"rgb(240, 225, 216)",SW6322
Lily,"rgb(243, 232, 194)",SW6693
Sprout,"rgb(228, 228, 206)",SW6427
Embellished Blue,"rgb(215, 235, 226)",SW6749
Iceberg,"rgb(214, 228, 231)",SW6798
Spatial White,"rgb(221, 220, 219)",SW6259
Original White,"rgb(226, 222, 219)",SW7077
Comical Coral,"rgb(243, 209, 200)",SW6876
Daffodil,"rgb(250, 217, 122)",SW6901
Green Vibes,"rgb(212, 231, 195)",SW6928
Tantalizing Teal,"rgb(135, 220, 206)",SW6937
Undercool,"rgb(127, 195, 225)",SW6957
Hyacinth Tint,"rgb(194, 203, 224)",SW6968
Free Spirit,"rgb(202, 178, 210)",SW6973
